comparison,metric,aggregate_bd_rate_pct,aggregate_overlap_low,aggregate_overlap_high,per_image_valid,per_image_missing,per_image_median_pct,per_image_q1_pct,per_image_q3_pct,wins,ties,losses,tie_threshold_pct,wilcoxon_p
n148i_vs_jpeg,psnr_rgb_db,-1.3842336562632673,28.728986643679292,36.5828025162184,120,0,-1.5877579863462499,-2.23496835950536,-1.1727976210122504,96,24,0,1.0,1.9719517121524354e-21
n148i_vs_jpeg,psnr_y_db,-1.325113384619836,30.049251417410204,40.64880393557124,120,0,-1.4776363647269086,-2.0108853534729687,-1.072079000775622,96,24,0,1.0,1.9719517121524354e-21
n148i_vs_jpeg,ssim,-1.5994369709642742,0.861069277406811,0.9640937238009598,120,0,-1.8202232798845586,-2.8523514383124753,-1.1585380885166918,98,22,0,1.0,2.5998109965196818e-21
n148i_vs_jpeg,ms_ssim,-1.4032496448714848,0.9718820549005954,0.9951587874622281,120,0,-1.6192396435574241,-2.3907147312626527,-1.1273243826742885,99,21,0,1.0,1.9719517121524354e-21
n148i_vs_jpeg,ssimulacra2,-1.389754812381594,47.96904348721588,84.60753923058903,120,0,-1.5200561149465108,-2.292616645432577,-1.1444443976668133,94,26,0,1.0,1.9719517121524354e-21
n148i_vs_jpeg,butteraugli,-1.354846276749777,-5.471461657742646,-2.055819070567012,120,0,-1.5094432416229486,-2.6916829716841506,-0.6091480179994113,76,35,9,1.0,3.326934458528402e-13
n148i_vs_jxl_e3,psnr_rgb_db,34.58608234774043,28.72479110453781,36.590453277367594,119,1,38.12544867894885,22.788239987862724,46.84535758850032,6,2,111,1.0,8.316718530983707e-20
n148i_vs_jxl_e3,psnr_y_db,41.96267502067463,30.047866297979,40.64880393557124,120,0,37.234795065311665,27.233361077016973,45.47807079596944,8,0,112,1.0,1.5555647814611116e-20
n148i_vs_jxl_e3,ssim,17.803425728940315,0.8609957579841175,0.9643671938244714,119,1,26.289441065374895,17.907742319153442,34.18677737128456,8,0,111,1.0,4.633828808059479e-19
n148i_vs_jxl_e3,ms_ssim,12.868220190774093,0.9718523454019228,0.9951587874622281,120,0,20.77000642004728,12.4830502719255,30.856798526362297,8,1,111,1.0,3.479145797700866e-18
n148i_vs_jxl_e3,ssimulacra2,30.182743008953917,47.91504980230951,84.60753923058903,120,0,32.51359138089857,26.011760264759364,45.46629858115211,0,0,120,1.0,1.9719517121524354e-21
n148i_vs_jxl_e3,butteraugli,64.07921293010297,-5.485501321628212,-2.055819070567012,119,1,57.35978951062422,40.05119024435911,75.32824739824234,0,0,119,1.0,2.8809188185621934e-21
n148i_vs_jxl_e7,psnr_rgb_db,38.59357943795363,28.72479110453781,36.590453277367594,120,0,41.135072388028114,31.644883434561613,50.69798490187134,4,0,116,1.0,9.497340487316043e-21
n148i_vs_jxl_e7,psnr_y_db,40.98175778010855,30.047866297979,40.64880393557124,120,0,39.89464120450525,33.153253988648956,44.431254885453434,4,0,116,1.0,3.424763868463329e-21
n148i_vs_jxl_e7,ssim,31.71591377690548,0.8609957579841175,0.9643671938244714,120,0,35.21167408264425,26.540325812683214,46.92123204117907,2,0,118,1.0,2.668342867626046e-20
n148i_vs_jxl_e7,ms_ssim,20.696610709442687,0.9718523454019228,0.9951587874622281,120,0,23.72009226595263,16.315080096547945,40.37949093607949,9,1,110,1.0,6.563965928002648e-20
n148i_vs_jxl_e7,ssimulacra2,41.517070526552246,47.91504980230951,84.60753923058903,120,0,36.32643616633105,26.23134298199018,58.851796422459195,0,0,120,1.0,1.9719517121524354e-21
n148i_vs_jxl_e7,butteraugli,71.87952933229329,-5.485501321628212,-2.055819070567012,120,0,53.07087728698738,39.09923627397126,75.15233113174011,0,0,120,1.0,1.9719517121524354e-21
