comparison,metric,category,count,median_bd_rate_pct,q1_bd_rate_pct,q3_bd_rate_pct,wins,ties,losses
n148i_vs_jpeg,psnr_rgb_db,fine_detail,15,-1.299698042169839,-1.7349712771184744,-0.9192592483939055,9,6,0
n148i_vs_jpeg,psnr_rgb_db,high_frequency_textures,15,-1.0190929117391168,-1.4830997382732747,-0.8484853920610602,8,7,0
n148i_vs_jpeg,psnr_rgb_db,historical_portraits,15,-1.7960763149718728,-2.1590057954446964,-1.2353796152324459,12,3,0
n148i_vs_jpeg,psnr_rgb_db,natural_landscapes,15,-1.852980834873641,-2.7733037953479425,-1.3003655224363364,14,1,0
n148i_vs_jpeg,psnr_rgb_db,saturated_desaturated_colors,15,-1.4765633053578031,-2.09912295309152,-1.0675749958220015,11,4,0
n148i_vs_jpeg,psnr_rgb_db,smooth_surfaces_gradients,15,-2.769806401158259,-5.268784523921455,-1.8732600405456046,14,1,0
n148i_vs_jpeg,psnr_rgb_db,text_sharp_edges,15,-1.8639171947784416,-2.2714133420584037,-1.5536971950302514,14,1,0
n148i_vs_jpeg,psnr_rgb_db,urban_architecture,15,-1.442236663469243,-1.8084765692209848,-1.2596873855700186,14,1,0
n148i_vs_jpeg,psnr_y_db,fine_detail,15,-1.1192914771020246,-1.5536149837400148,-0.8902584072512987,8,7,0
n148i_vs_jpeg,psnr_y_db,high_frequency_textures,15,-1.00716260202931,-1.2880412082468262,-0.8422749657073236,8,7,0
n148i_vs_jpeg,psnr_y_db,historical_portraits,15,-1.4043112193897533,-2.198345426742787,-1.158170484627019,12,3,0
n148i_vs_jpeg,psnr_y_db,natural_landscapes,15,-1.7781374497898295,-2.467975359346075,-1.2836337630280747,13,2,0
n148i_vs_jpeg,psnr_y_db,saturated_desaturated_colors,15,-1.5430112934862183,-1.9376533204970403,-1.055330587909592,13,2,0
n148i_vs_jpeg,psnr_y_db,smooth_surfaces_gradients,15,-2.455259890972772,-4.712849235868554,-1.7194685844741597,14,1,0
n148i_vs_jpeg,psnr_y_db,text_sharp_edges,15,-1.7769186682876081,-1.9412034055498684,-1.4393576262769936,14,1,0
n148i_vs_jpeg,psnr_y_db,urban_architecture,15,-1.403583404816866,-1.6031092692836757,-1.2632948246438735,14,1,0
n148i_vs_jpeg,ssim,fine_detail,15,-1.3479973426960612,-1.7080616585555097,-0.9595786708150089,11,4,0
n148i_vs_jpeg,ssim,high_frequency_textures,15,-1.0540836712584212,-1.5281007236484623,-0.8325795883804443,9,6,0
n148i_vs_jpeg,ssim,historical_portraits,15,-1.7731366485506994,-2.625011267356081,-1.1626176044146341,12,3,0
n148i_vs_jpeg,ssim,natural_landscapes,15,-2.4247744712415753,-3.3419143134200247,-1.6859732613196343,14,1,0
n148i_vs_jpeg,ssim,saturated_desaturated_colors,15,-2.079048311669318,-3.1404884714548054,-1.0142406817443994,11,4,0
n148i_vs_jpeg,ssim,smooth_surfaces_gradients,15,-4.090269294663695,-6.576943017604503,-2.820068737942311,14,1,0
n148i_vs_jpeg,ssim,text_sharp_edges,15,-2.200756837736939,-2.8857305668574087,-1.4635009279098998,13,2,0
n148i_vs_jpeg,ssim,urban_architecture,15,-1.657590171047696,-2.193016466688719,-1.5441351880371823,14,1,0
n148i_vs_jpeg,ms_ssim,fine_detail,15,-1.3041173360019642,-1.828733554146278,-0.9333455233172916,10,5,0
n148i_vs_jpeg,ms_ssim,high_frequency_textures,15,-1.0783154043724874,-1.4288169527191252,-0.8293418634202909,9,6,0
n148i_vs_jpeg,ms_ssim,historical_portraits,15,-1.4411074723730932,-2.4089824938819837,-1.0776458633799502,12,3,0
n148i_vs_jpeg,ms_ssim,natural_landscapes,15,-1.9755576433937883,-2.736954279891779,-1.4485086604784092,14,1,0
n148i_vs_jpeg,ms_ssim,saturated_desaturated_colors,15,-1.7026448565829688,-2.6478780133964595,-1.1195483055617628,12,3,0
n148i_vs_jpeg,ms_ssim,smooth_surfaces_gradients,15,-2.6612124269782766,-4.5462855097479995,-1.899929411459883,14,1,0
n148i_vs_jpeg,ms_ssim,text_sharp_edges,15,-1.936754761524162,-2.5631380952410354,-1.557762370111948,14,1,0
n148i_vs_jpeg,ms_ssim,urban_architecture,15,-1.4702865434653822,-1.7874851847881346,-1.3097928949217963,14,1,0
n148i_vs_jpeg,ssimulacra2,fine_detail,15,-1.3295965026341228,-1.623047032846936,-0.7700062192314117,9,6,0
n148i_vs_jpeg,ssimulacra2,high_frequency_textures,15,-1.1212842518287691,-1.497383488955495,-0.7648752689576765,9,6,0
n148i_vs_jpeg,ssimulacra2,historical_portraits,15,-1.3702439923230059,-2.19657963271091,-1.163796383497706,13,2,0
n148i_vs_jpeg,ssimulacra2,natural_landscapes,15,-2.0154837916128154,-2.786810576774795,-1.2380250539380466,12,3,0
n148i_vs_jpeg,ssimulacra2,saturated_desaturated_colors,15,-1.3294174670869685,-2.4775737681806023,-1.0825882983845347,11,4,0
n148i_vs_jpeg,ssimulacra2,smooth_surfaces_gradients,15,-2.507531843313504,-5.6989319304997235,-1.8259792012033704,13,2,0
n148i_vs_jpeg,ssimulacra2,text_sharp_edges,15,-2.080776746480628,-2.225491773385513,-1.5594274401880548,14,1,0
n148i_vs_jpeg,ssimulacra2,urban_architecture,15,-1.3950337603229168,-1.836282943931311,-1.2253844500121291,13,2,0
n148i_vs_jpeg,butteraugli,fine_detail,15,-0.8177605928584297,-2.1337650957464094,0.38932492425408083,6,5,4
n148i_vs_jpeg,butteraugli,high_frequency_textures,15,-0.7037903550490388,-1.5288107964967823,-0.164145321244058,6,9,0
n148i_vs_jpeg,butteraugli,historical_portraits,15,-1.5056459352359997,-1.692417099539223,-0.5617313962545778,10,4,1
n148i_vs_jpeg,butteraugli,natural_landscapes,15,-2.459824171001035,-3.595542562024451,-1.4738276507453907,12,2,1
n148i_vs_jpeg,butteraugli,saturated_desaturated_colors,15,-1.7631203894185932,-3.6940178353520925,-0.9956424246648832,11,3,1
n148i_vs_jpeg,butteraugli,smooth_surfaces_gradients,15,-2.667433388660201,-5.376373242392141,-1.7724717138707047,13,2,0
n148i_vs_jpeg,butteraugli,text_sharp_edges,15,-1.932219404564972,-2.76085201396043,-0.7477553745410148,9,6,0
n148i_vs_jpeg,butteraugli,urban_architecture,15,-1.1135559491373903,-1.7803604136943485,-0.7285060554060419,9,4,2
n148i_vs_jxl_e3,psnr_rgb_db,fine_detail,14,25.111920228570185,8.464068091703847,36.53056580977156,1,1,12
n148i_vs_jxl_e3,psnr_rgb_db,high_frequency_textures,15,34.85253844025185,21.954501922574764,40.283808124235364,0,0,15
n148i_vs_jxl_e3,psnr_rgb_db,historical_portraits,15,41.20840251595086,33.1307696030247,50.39498987774587,0,0,15
n148i_vs_jxl_e3,psnr_rgb_db,natural_landscapes,15,40.40366326782474,33.18819901247673,47.249584182734054,0,0,15
n148i_vs_jxl_e3,psnr_rgb_db,saturated_desaturated_colors,15,14.459627664975972,-7.991455178118045,37.2555343888062,5,1,9
n148i_vs_jxl_e3,psnr_rgb_db,smooth_surfaces_gradients,15,50.60964348475867,39.172703404390205,56.474837808472344,0,0,15
n148i_vs_jxl_e3,psnr_rgb_db,text_sharp_edges,15,38.350963253086135,32.4364507387175,43.51008442550509,0,0,15
n148i_vs_jxl_e3,psnr_rgb_db,urban_architecture,15,38.492402079055395,36.78924432186649,40.694889648821665,0,0,15
n148i_vs_jxl_e3,psnr_y_db,fine_detail,15,26.419268745078895,7.632314615217256,29.984753202785786,4,0,11
n148i_vs_jxl_e3,psnr_y_db,high_frequency_textures,15,40.85259769202114,37.57255777375062,43.503514982291776,0,0,15
n148i_vs_jxl_e3,psnr_y_db,historical_portraits,15,43.40035958092632,32.96173286064674,51.65313043265995,0,0,15
n148i_vs_jxl_e3,psnr_y_db,natural_landscapes,15,46.475795127944444,42.91623601256569,48.6612050255671,0,0,15
n148i_vs_jxl_e3,psnr_y_db,saturated_desaturated_colors,15,18.467679535729875,-1.1531557192189288,41.53623919281941,4,0,11
n148i_vs_jxl_e3,psnr_y_db,smooth_surfaces_gradients,15,42.51574057457812,35.40651317074981,52.12717977713008,0,0,15
n148i_vs_jxl_e3,psnr_y_db,text_sharp_edges,15,33.24361192379368,27.011169185586304,38.09973947684237,0,0,15
n148i_vs_jxl_e3,psnr_y_db,urban_architecture,15,36.21768506307062,29.178287624652846,37.355096105714395,0,0,15
n148i_vs_jxl_e3,ssim,fine_detail,14,15.369468396938913,9.242497280938833,24.086021910905036,2,0,12
n148i_vs_jxl_e3,ssim,high_frequency_textures,15,26.945299729943727,17.00816550497727,31.578495940044704,0,0,15
n148i_vs_jxl_e3,ssim,historical_portraits,15,26.717890228671372,20.426526344353324,34.719598579787714,0,0,15
n148i_vs_jxl_e3,ssim,natural_landscapes,15,23.599912962267823,20.936889798535255,24.88293010444845,0,0,15
n148i_vs_jxl_e3,ssim,saturated_desaturated_colors,15,13.78971929612829,-7.310422905134723,28.187323768230033,5,0,10
n148i_vs_jxl_e3,ssim,smooth_surfaces_gradients,15,34.61596550286714,26.57959100241434,39.58180756899708,1,0,14
n148i_vs_jxl_e3,ssim,text_sharp_edges,15,36.96623895483984,27.136678673300764,46.43722779621425,0,0,15
n148i_vs_jxl_e3,ssim,urban_architecture,15,26.34919330390282,21.38257298242442,33.03757483485305,0,0,15
n148i_vs_jxl_e3,ms_ssim,fine_detail,15,12.867467759119178,6.347803410398612,18.112829303664157,2,0,13
n148i_vs_jxl_e3,ms_ssim,high_frequency_textures,15,16.65617103768544,7.103348398836717,25.080181193228654,0,1,14
n148i_vs_jxl_e3,ms_ssim,historical_portraits,15,24.6332337363391,21.677718459643216,32.36956956539004,0,0,15
n148i_vs_jxl_e3,ms_ssim,natural_landscapes,15,14.23434144741329,11.195218898673133,16.580965419424643,0,0,15
n148i_vs_jxl_e3,ms_ssim,saturated_desaturated_colors,15,20.86659757842808,5.912455460786292,32.34769480514154,3,0,12
n148i_vs_jxl_e3,ms_ssim,smooth_surfaces_gradients,15,27.470627217555933,21.313150790681554,42.73065010366446,2,0,13
n148i_vs_jxl_e3,ms_ssim,text_sharp_edges,15,29.766549843112134,18.847922103851957,40.97879561690988,1,0,14
n148i_vs_jxl_e3,ms_ssim,urban_architecture,15,19.375331659191808,15.9208927847298,24.916991197871763,0,0,15
n148i_vs_jxl_e3,ssimulacra2,fine_detail,15,27.904973673162935,23.30291417154232,37.238137115177665,0,0,15
n148i_vs_jxl_e3,ssimulacra2,high_frequency_textures,15,26.126517910954018,21.737833955708155,27.579006074692636,0,0,15
n148i_vs_jxl_e3,ssimulacra2,historical_portraits,15,33.36569181933044,29.213385931732084,42.31718812518377,0,0,15
n148i_vs_jxl_e3,ssimulacra2,natural_landscapes,15,26.170198249487054,23.95337501310241,36.0229153304491,0,0,15
n148i_vs_jxl_e3,ssimulacra2,saturated_desaturated_colors,15,39.430884090228076,31.87791511991913,61.34258787483954,0,0,15
n148i_vs_jxl_e3,ssimulacra2,smooth_surfaces_gradients,15,47.58660427217993,35.00532503828224,81.65532690729324,0,0,15
n148i_vs_jxl_e3,ssimulacra2,text_sharp_edges,15,42.53026815856173,31.601857711809334,49.08597886528558,0,0,15
n148i_vs_jxl_e3,ssimulacra2,urban_architecture,15,29.143449310755855,26.004002114664935,37.63552494741127,0,0,15
n148i_vs_jxl_e3,butteraugli,fine_detail,14,49.374471328455286,34.27191578740046,65.4815920715039,0,0,14
n148i_vs_jxl_e3,butteraugli,high_frequency_textures,15,37.478350241957294,33.25203153469499,46.40952169333113,0,0,15
n148i_vs_jxl_e3,butteraugli,historical_portraits,15,50.56647257988849,42.835592547321184,89.68573193141455,0,0,15
n148i_vs_jxl_e3,butteraugli,natural_landscapes,15,44.12216069616255,37.398586089991966,70.41184221756254,0,0,15
n148i_vs_jxl_e3,butteraugli,saturated_desaturated_colors,15,88.90352893777862,59.96209494401658,139.53646703193783,0,0,15
n148i_vs_jxl_e3,butteraugli,smooth_surfaces_gradients,15,63.06522922651683,45.13012863733644,86.6557134562397,0,0,15
n148i_vs_jxl_e3,butteraugli,text_sharp_edges,15,59.118485988501824,47.05122687424911,75.35372120919637,0,0,15
n148i_vs_jxl_e3,butteraugli,urban_architecture,15,62.67474199724483,49.25948426227181,71.74672377207877,0,0,15
n148i_vs_jxl_e7,psnr_rgb_db,fine_detail,15,21.506357696168777,16.536964277617383,39.037149992556785,1,0,14
n148i_vs_jxl_e7,psnr_rgb_db,high_frequency_textures,15,38.89186489426757,24.611323202170276,45.12374208640362,0,0,15
n148i_vs_jxl_e7,psnr_rgb_db,historical_portraits,15,46.54831920247548,37.899342206217646,61.077020856526545,0,0,15
n148i_vs_jxl_e7,psnr_rgb_db,natural_landscapes,15,41.70320044959621,34.723595697851636,42.78751363156405,0,0,15
n148i_vs_jxl_e7,psnr_rgb_db,saturated_desaturated_colors,15,26.43293128312574,9.66991612955178,39.57009400697746,3,0,12
n148i_vs_jxl_e7,psnr_rgb_db,smooth_surfaces_gradients,15,60.618271669085914,48.83313902966081,68.13102902705347,0,0,15
n148i_vs_jxl_e7,psnr_rgb_db,text_sharp_edges,15,44.80700992033204,42.57598499204638,53.60011820017727,0,0,15
n148i_vs_jxl_e7,psnr_rgb_db,urban_architecture,15,39.51903273805475,35.61859503344124,43.41310590837164,0,0,15
n148i_vs_jxl_e7,psnr_y_db,fine_detail,15,33.15153223096576,20.61749008247635,39.72527239885055,2,0,13
n148i_vs_jxl_e7,psnr_y_db,high_frequency_textures,15,42.701479654588105,38.20726474684993,44.63837067784068,0,0,15
n148i_vs_jxl_e7,psnr_y_db,historical_portraits,15,44.254020210242516,40.02884643349343,51.060045969166424,0,0,15
n148i_vs_jxl_e7,psnr_y_db,natural_landscapes,15,40.222879528103526,37.72722177065077,41.70401129708541,0,0,15
n148i_vs_jxl_e7,psnr_y_db,saturated_desaturated_colors,15,30.15152515348587,7.4910213969422434,42.86175663392065,2,0,13
n148i_vs_jxl_e7,psnr_y_db,smooth_surfaces_gradients,15,43.49160090227699,34.953863349928824,50.73987921964472,0,0,15
n148i_vs_jxl_e7,psnr_y_db,text_sharp_edges,15,44.254781714108034,36.46090114967604,52.895193932604755,0,0,15
n148i_vs_jxl_e7,psnr_y_db,urban_architecture,15,36.974448361656776,34.318191810035714,39.71445738129056,0,0,15
n148i_vs_jxl_e7,ssim,fine_detail,15,21.035444355584332,16.505472022873878,28.50531387678037,1,0,14
n148i_vs_jxl_e7,ssim,high_frequency_textures,15,31.98389801416881,23.80463616984634,33.5133010836684,0,0,15
n148i_vs_jxl_e7,ssim,historical_portraits,15,42.194888567693376,35.17076283089743,43.55872742437214,0,0,15
n148i_vs_jxl_e7,ssim,natural_landscapes,15,28.978137281961835,26.965152625320165,34.778204634526354,0,0,15
n148i_vs_jxl_e7,ssim,saturated_desaturated_colors,15,36.377949444869984,22.046043782580462,43.94917006412321,1,0,14
n148i_vs_jxl_e7,ssim,smooth_surfaces_gradients,15,47.648403725988686,39.890945396655475,62.87755974619586,0,0,15
n148i_vs_jxl_e7,ssim,text_sharp_edges,15,58.88514147420181,43.6631228328568,95.99058125101418,0,0,15
n148i_vs_jxl_e7,ssim,urban_architecture,15,35.0984683013865,28.836839486519906,44.55086953901318,0,0,15
n148i_vs_jxl_e7,ms_ssim,fine_detail,15,12.090966101251821,3.463620991401495,24.518437582177533,2,0,13
n148i_vs_jxl_e7,ms_ssim,high_frequency_textures,15,19.416489702374683,8.082891544766625,22.72823616601064,1,0,14
n148i_vs_jxl_e7,ms_ssim,historical_portraits,15,32.1092983917537,30.185578589287722,44.75502312905928,0,0,15
n148i_vs_jxl_e7,ms_ssim,natural_landscapes,15,17.98580221128596,16.585246745520166,22.565970716635896,0,1,14
n148i_vs_jxl_e7,ms_ssim,saturated_desaturated_colors,15,24.84225467040304,13.525134399906202,43.58788570441207,3,0,12
n148i_vs_jxl_e7,ms_ssim,smooth_surfaces_gradients,15,39.81537898634677,24.033112091552248,47.96358390620927,1,0,14
n148i_vs_jxl_e7,ms_ssim,text_sharp_edges,15,44.94942206300752,27.482231399978943,61.648748481300885,1,0,14
n148i_vs_jxl_e7,ms_ssim,urban_architecture,15,21.490951643343514,15.927590346991893,28.552816590337173,1,0,14
n148i_vs_jxl_e7,ssimulacra2,fine_detail,15,31.832562258840348,22.615413065305713,51.68076970600498,0,0,15
n148i_vs_jxl_e7,ssimulacra2,high_frequency_textures,15,25.030289620623524,18.52149010837301,29.92536177385724,0,0,15
n148i_vs_jxl_e7,ssimulacra2,historical_portraits,15,41.76187752426706,30.505459683732095,56.08937260028397,0,0,15
n148i_vs_jxl_e7,ssimulacra2,natural_landscapes,15,31.976355499768406,25.30003947085411,36.47186899170267,0,0,15
n148i_vs_jxl_e7,ssimulacra2,saturated_desaturated_colors,15,62.80370397363693,34.536561164211896,70.96204536284785,0,0,15
n148i_vs_jxl_e7,ssimulacra2,smooth_surfaces_gradients,15,47.26065591244464,39.53202471194503,78.71890660273155,0,0,15
n148i_vs_jxl_e7,ssimulacra2,text_sharp_edges,15,59.24280844898953,39.54084266318104,63.47482358994867,0,0,15
n148i_vs_jxl_e7,ssimulacra2,urban_architecture,15,32.04377217636478,26.783970724884007,38.57081176091077,0,0,15
n148i_vs_jxl_e7,butteraugli,fine_detail,15,53.29933339520567,28.33107023079915,85.17914233419216,0,0,15
n148i_vs_jxl_e7,butteraugli,high_frequency_textures,15,31.656119801183014,25.81636006325838,41.81882301343662,0,0,15
n148i_vs_jxl_e7,butteraugli,historical_portraits,15,49.35510285713751,40.20563724675272,66.64436064442381,0,0,15
n148i_vs_jxl_e7,butteraugli,natural_landscapes,15,40.16831793730464,37.8955834008692,61.29319559183883,0,0,15
n148i_vs_jxl_e7,butteraugli,saturated_desaturated_colors,15,99.22978024781806,68.96159304834362,139.37142248393184,0,0,15
n148i_vs_jxl_e7,butteraugli,smooth_surfaces_gradients,15,51.43717177523788,44.84119350403092,83.48021042112849,0,0,15
n148i_vs_jxl_e7,butteraugli,text_sharp_edges,15,65.09897214541478,54.452077096631015,72.01603502739026,0,0,15
n148i_vs_jxl_e7,butteraugli,urban_architecture,15,57.95458795138817,46.475652970826715,81.16553773931298,0,0,15
