codec,point,quality,jxl_distance,jxl_effort,images,total_pixels,total_bytes,bits_per_pixel,psnr_rgb_db,psnr_y_db,ssim,ms_ssim,ssimulacra2,butteraugli
n148i,1,30,,,120,53780086,4186655,0.6227814511118483,28.72479110453781,30.047866297979,0.8609957579841175,0.9718523454019228,47.91504980230951,5.485501321628212
n148i,2,45,,,120,53780086,5552807,0.8260019517261463,30.005507994824754,31.5137673469979,0.8888793569217363,0.9799712450388246,59.63852285503056,4.721348216797225
n148i,3,60,,,120,53780086,6913834,1.0284600883680253,31.115771349654437,32.87607122494365,0.9080919505710233,0.9846109759341878,66.46065523444851,4.116627966343971
n148i,4,75,,,120,53780086,9151218,1.3612797867225426,32.7254274634445,34.91744702066463,0.9304748224044903,0.9894687253338977,74.25578988592976,3.3468198383564713
n148i,5,90,,,120,53780086,15492955,2.30463818893856,36.590453277367594,40.64880393557124,0.9643671938244714,0.9951587874622281,84.60753923058903,2.055819070567012
jpeg,1,30,,,120,53780086,4261289,0.6338835531055119,28.728986643679292,30.049251417410204,0.861069277406811,0.9718820549005954,47.96904348721588,5.471461657742646
jpeg,2,45,,,120,53780086,5638768,0.8387889896643155,30.007246387624555,31.51548098923349,0.8888285193532325,0.9799912732022538,59.71719389758623,4.737351781001399
jpeg,3,60,,,120,53780086,7012143,1.0430839400294005,31.11634517916727,32.87816083015559,0.9079623755124394,0.9846168355741769,66.4537233971308,4.116222481767014
jpeg,4,75,,,120,53780086,9274058,1.3795527214292667,32.723510368497195,34.91951568902173,0.930279845936861,0.9894693928245321,74.22393603936219,3.338094796056483
jpeg,5,90,,,120,53780086,15679782,2.3324294423776117,36.5828025162184,40.6516396641438,0.9640937238009598,0.9951624391140715,84.61999597765775,2.0553820718044107
jxl_e3,1,,8.0,3,120,53780086,2704041,0.4022367684573803,28.22845680574449,29.544126284665516,0.8279848587073202,0.959979808832473,41.96240544209178,5.764554204900343
jxl_e3,2,,5.0,3,120,53780086,4036176,0.6003971060961115,30.042924180447535,31.786940340315738,0.8740674214252945,0.9743719732806989,57.38582213277392,4.142115388425963
jxl_e3,3,,3.0,3,120,53780086,6127667,0.9115146450305044,32.14393486345849,34.60756419924778,0.9112638152329888,0.98455967442473,70.05015009806634,3.091333189679819
jxl_e3,4,,1.5,3,120,53780086,9343148,1.389830131547205,34.75632215460797,38.43774142383908,0.9441302854993587,0.9914884992265824,80.84141561297425,2.084540281541049
jxl_e3,5,,0.7,3,120,53780086,15285920,2.2738409157620163,38.2018512237772,43.81173688446114,0.9704289843157407,0.9963496407472173,89.02494465347735,1.1928438988411985
jxl_e7,1,,8.0,7,120,53780086,2285039,0.33990856764342103,27.579854819325583,28.526750205293908,0.81824252301094,0.9568294271281516,39.52496638601447,6.787135675633211
jxl_e7,2,,5.0,7,120,53780086,3385464,0.5036011284920593,29.306941518593412,30.613347218831926,0.8648582074187144,0.9720211391114186,55.24105662991794,4.726117845540681
jxl_e7,3,,3.0,7,120,53780086,5308814,0.7897070302193269,31.564156730836665,33.47263341336232,0.9085830305175139,0.9831619567401687,68.6363250080668,3.2318819234141705
jxl_e7,4,,1.5,7,120,53780086,9370525,1.3939025683224084,34.96965269945414,38.478023913987315,0.9525502882057242,0.9919129923318537,81.321603986705,1.8988867110351835
jxl_e7,5,,0.7,7,120,53780086,15584408,2.318242183547271,38.33567826663403,44.03112248323129,0.9752657391501252,0.996410581410348,89.09177036240467,1.031320871101298
