operation,threads,corpus_time_ms,speedup,parallel_efficiency_pct,throughput_megapixels_s
encode,1,203.367743796162,1.0,100.0,264.44747331171874
decode,1,118.576062459371,1.0,100.0,453.54926521048253
encode,2,158.850338912872,1.2802474655575484,64.01237327787742,338.5582074804254
decode,2,114.278024145766,1.0376103659976015,51.88051829988007,470.607419072992
encode,4,193.454668352417,1.05124236870669,26.281059217667252,277.99838824271035
decode,4,124.191781164056,0.9547818812803185,23.86954703200796,433.04062069097057
encode,8,151.835887600836,1.3393918065720996,16.742397582151245,354.19877902241006
decode,8,116.862252648159,1.0146652128670823,12.683315160838529,460.200661730503
encode,10,146.757939771813,1.385735886674131,13.85735886674131,366.4543539083481
decode,10,115.981378813552,1.0223715537128606,10.223715537128605,463.69586695856725
