axis,competitor,operation,geomean_ratio_n148_over_competitor,median_image_ratio,image_ratio_q1,image_ratio_q3,n148_delta_pct,wins,ties,losses,tie_threshold_pct,wilcoxon_p
A_single_thread,jpeg,encode,0.7415640039976258,0.7316880035767918,0.701502322462279,0.790321038263424,-25.84359960023742,120,0,0,1.0,1.9719517121524354e-21
A_single_thread,jpeg,decode,0.932995536984479,0.9332689117630342,0.9195206455317927,0.9461055946931586,-6.700446301552098,118,2,0,1.0,1.9719517121524354e-21
A_single_thread,jxl_e3,encode,0.1362681113928355,0.14038266416275336,0.12589224874238725,0.1513281438536568,-86.37318886071645,120,0,0,1.0,1.9719517121524354e-21
A_single_thread,jxl_e3,decode,0.09264890492715942,0.09481501517124204,0.08688552571104009,0.1004456804098671,-90.73510950728406,120,0,0,1.0,1.9719517121524354e-21
A_single_thread,jxl_e7,encode,0.011199127798576241,0.01125106311436036,0.010338951900713477,0.012298346210856527,-98.88008722014237,120,0,0,1.0,1.9719517121524354e-21
A_single_thread,jxl_e7,decode,0.10030582646303435,0.09915325853127954,0.08994210701310414,0.11114009173291023,-89.96941735369657,120,0,0,1.0,1.9719517121524354e-21
B_throughput,jpeg,encode,0.6725080325273066,0.636574637394018,0.5934497911726097,0.763653268687198,-32.74919674726934,119,1,0,1.0,2.022200629440464e-21
B_throughput,jpeg,decode,0.8503521255606542,0.8515312960759789,0.8279752024162561,0.8724142042439151,-14.96478744393458,120,0,0,1.0,1.9719517121524354e-21
B_throughput,jxl_e3,encode,0.12785997824017165,0.12849169641305253,0.11159872863626297,0.1497358294300607,-87.21400217598283,120,0,0,1.0,1.9719517121524354e-21
B_throughput,jxl_e3,decode,0.10007447189682374,0.10011385652999494,0.08181977277184097,0.13131614616630213,-89.99255281031763,120,0,0,1.0,1.9719517121524354e-21
B_throughput,jxl_e7,encode,0.016858621962249305,0.01691685176638105,0.014730569264506888,0.020421129317042035,-98.31413780377507,120,0,0,1.0,1.9719517121524354e-21
B_throughput,jxl_e7,decode,0.11827884242503414,0.12038986151562855,0.09417773896475304,0.15610384843029507,-88.17211575749658,120,0,0,1.0,1.9719517121524354e-21
