kind,name,count,minimum_pixels,median_pixels,maximum_pixels
category,cores_saturadas_dessaturadas,15,129024,331560,636411
category,detalhe_fino,15,147456,442400,848241
category,paisagens_naturais,15,174592,426400,565494
category,retratos_historicos,15,222208,716160,1324800
category,superficies_suaves_degrades,15,172544,427200,696663
category,texto_bordas_nitidas,15,148160,307200,769035
category,texturas_alta_frequencia,15,196608,478400,848241
category,urbano_arquitetura,15,147456,468000,636411
resolution_bin,0-400000,51,129024,202500,363264
resolution_bin,400000-700000,57,409600,528654,699392
resolution_bin,700000-1e+06,7,702801,780480,852992
resolution_bin,1e+06-inf,5,1036800,1310720,1324800
