comparison,metric,side,rank,image_id,filename,category,bd_rate_pct
n148i_vs_jpeg,psnr_rgb_db,best,1,73,corpus-0073.ppm,smooth_surfaces_gradients,-12.579474594151318
n148i_vs_jpeg,psnr_rgb_db,best,2,117,corpus-0117.ppm,saturated_desaturated_colors,-10.51729045023354
n148i_vs_jpeg,psnr_rgb_db,best,3,75,corpus-0075.ppm,smooth_surfaces_gradients,-6.876801326834004
n148i_vs_jpeg,psnr_rgb_db,best,4,61,corpus-0061.ppm,smooth_surfaces_gradients,-5.981322248741194
n148i_vs_jpeg,psnr_rgb_db,best,5,62,corpus-0062.ppm,smooth_surfaces_gradients,-5.837272386185277
n148i_vs_jpeg,psnr_rgb_db,worst,1,68,corpus-0068.ppm,smooth_surfaces_gradients,-0.3428699990355
n148i_vs_jpeg,psnr_rgb_db,worst,2,15,corpus-0015.ppm,historical_portraits,-0.39461638148711176
n148i_vs_jpeg,psnr_rgb_db,worst,3,44,corpus-0044.ppm,urban_architecture,-0.5817502243643524
n148i_vs_jpeg,psnr_rgb_db,worst,4,79,corpus-0079.ppm,fine_detail,-0.642145958260798
n148i_vs_jpeg,psnr_rgb_db,worst,5,85,corpus-0085.ppm,fine_detail,-0.6484915150988813
n148i_vs_jpeg,psnr_y_db,best,1,73,corpus-0073.ppm,smooth_surfaces_gradients,-11.468336430541303
n148i_vs_jpeg,psnr_y_db,best,2,117,corpus-0117.ppm,saturated_desaturated_colors,-10.517290450233595
n148i_vs_jpeg,psnr_y_db,best,3,75,corpus-0075.ppm,smooth_surfaces_gradients,-6.397365321267545
n148i_vs_jpeg,psnr_y_db,best,4,61,corpus-0061.ppm,smooth_surfaces_gradients,-5.082523397077676
n148i_vs_jpeg,psnr_y_db,best,5,71,corpus-0071.ppm,smooth_surfaces_gradients,-4.779949614180545
n148i_vs_jpeg,psnr_y_db,worst,1,15,corpus-0015.ppm,historical_portraits,-0.39461638148711176
n148i_vs_jpeg,psnr_y_db,worst,2,44,corpus-0044.ppm,urban_architecture,-0.557027941956989
n148i_vs_jpeg,psnr_y_db,worst,3,68,corpus-0068.ppm,smooth_surfaces_gradients,-0.6179407877583976
n148i_vs_jpeg,psnr_y_db,worst,4,85,corpus-0085.ppm,fine_detail,-0.6225913279238604
n148i_vs_jpeg,psnr_y_db,worst,5,54,corpus-0054.ppm,high_frequency_textures,-0.6395701075075144
n148i_vs_jpeg,ssim,best,1,73,corpus-0073.ppm,smooth_surfaces_gradients,-13.329646065895606
n148i_vs_jpeg,ssim,best,2,117,corpus-0117.ppm,saturated_desaturated_colors,-11.125655400059975
n148i_vs_jpeg,ssim,best,3,62,corpus-0062.ppm,smooth_surfaces_gradients,-9.072027631962666
n148i_vs_jpeg,ssim,best,4,61,corpus-0061.ppm,smooth_surfaces_gradients,-8.617027674353139
n148i_vs_jpeg,ssim,best,5,75,corpus-0075.ppm,smooth_surfaces_gradients,-8.26499752702109
n148i_vs_jpeg,ssim,worst,1,113,corpus-0113.ppm,saturated_desaturated_colors,0.7307709141504359
n148i_vs_jpeg,ssim,worst,2,68,corpus-0068.ppm,smooth_surfaces_gradients,0.023102226250726332
n148i_vs_jpeg,ssim,worst,3,15,corpus-0015.ppm,historical_portraits,-0.4143912314622411
n148i_vs_jpeg,ssim,worst,4,44,corpus-0044.ppm,urban_architecture,-0.5361500814084263
n148i_vs_jpeg,ssim,worst,5,111,corpus-0111.ppm,saturated_desaturated_colors,-0.5607477579041009
n148i_vs_jpeg,ms_ssim,best,1,73,corpus-0073.ppm,smooth_surfaces_gradients,-12.512587239663176
n148i_vs_jpeg,ms_ssim,best,2,117,corpus-0117.ppm,saturated_desaturated_colors,-11.675590435726235
n148i_vs_jpeg,ms_ssim,best,3,75,corpus-0075.ppm,smooth_surfaces_gradients,-7.06376793244059
n148i_vs_jpeg,ms_ssim,best,4,109,corpus-0109.ppm,saturated_desaturated_colors,-5.441239498911099
n148i_vs_jpeg,ms_ssim,best,5,61,corpus-0061.ppm,smooth_surfaces_gradients,-5.113929002492168
n148i_vs_jpeg,ms_ssim,worst,1,68,corpus-0068.ppm,smooth_surfaces_gradients,-0.2659358828267844
n148i_vs_jpeg,ms_ssim,worst,2,15,corpus-0015.ppm,historical_portraits,-0.42358892185710983
n148i_vs_jpeg,ms_ssim,worst,3,85,corpus-0085.ppm,fine_detail,-0.5534406236194611
n148i_vs_jpeg,ms_ssim,worst,4,54,corpus-0054.ppm,high_frequency_textures,-0.562431811385844
n148i_vs_jpeg,ms_ssim,worst,5,44,corpus-0044.ppm,urban_architecture,-0.5669738870919705
n148i_vs_jpeg,ssimulacra2,best,1,73,corpus-0073.ppm,smooth_surfaces_gradients,-11.777165952552316
n148i_vs_jpeg,ssimulacra2,best,2,117,corpus-0117.ppm,saturated_desaturated_colors,-11.759394024687285
n148i_vs_jpeg,ssimulacra2,best,3,75,corpus-0075.ppm,smooth_surfaces_gradients,-6.929059273810689
n148i_vs_jpeg,ssimulacra2,best,4,61,corpus-0061.ppm,smooth_surfaces_gradients,-6.382019098877622
n148i_vs_jpeg,ssimulacra2,best,5,62,corpus-0062.ppm,smooth_surfaces_gradients,-5.7662668404406485
n148i_vs_jpeg,ssimulacra2,worst,1,89,corpus-0089.ppm,fine_detail,-0.17040755440405064
n148i_vs_jpeg,ssimulacra2,worst,2,44,corpus-0044.ppm,urban_architecture,-0.25757559528952756
n148i_vs_jpeg,ssimulacra2,worst,3,15,corpus-0015.ppm,historical_portraits,-0.357337158824389
n148i_vs_jpeg,ssimulacra2,worst,4,77,corpus-0077.ppm,fine_detail,-0.40018628993974126
n148i_vs_jpeg,ssimulacra2,worst,5,23,corpus-0023.ppm,natural_landscapes,-0.4334327793913073
n148i_vs_jpeg,butteraugli,best,1,73,corpus-0073.ppm,smooth_surfaces_gradients,-16.092098743783
n148i_vs_jpeg,butteraugli,best,2,22,corpus-0022.ppm,natural_landscapes,-13.054098004990278
n148i_vs_jpeg,butteraugli,best,3,106,corpus-0106.ppm,saturated_desaturated_colors,-11.556352532522961
n148i_vs_jpeg,butteraugli,best,4,117,corpus-0117.ppm,saturated_desaturated_colors,-11.41669218716157
n148i_vs_jpeg,butteraugli,best,5,105,corpus-0105.ppm,text_sharp_edges,-8.717510215017255
n148i_vs_jpeg,butteraugli,worst,1,107,corpus-0107.ppm,saturated_desaturated_colors,11.794497775651624
n148i_vs_jpeg,butteraugli,worst,2,34,corpus-0034.ppm,urban_architecture,3.7129378636584276
n148i_vs_jpeg,butteraugli,worst,3,31,corpus-0031.ppm,urban_architecture,3.2131848301872212
n148i_vs_jpeg,butteraugli,worst,4,5,corpus-0005.ppm,historical_portraits,3.0775732715962567
n148i_vs_jpeg,butteraugli,worst,5,82,corpus-0082.ppm,fine_detail,2.3657529468604555
n148i_vs_jxl_e3,psnr_rgb_db,best,1,107,corpus-0107.ppm,saturated_desaturated_colors,-40.78445891820428
n148i_vs_jxl_e3,psnr_rgb_db,best,2,120,corpus-0120.ppm,saturated_desaturated_colors,-16.00506406155401
n148i_vs_jxl_e3,psnr_rgb_db,best,3,76,corpus-0076.ppm,fine_detail,-15.829316323129428
n148i_vs_jxl_e3,psnr_rgb_db,best,4,119,corpus-0119.ppm,saturated_desaturated_colors,-14.434299557935958
n148i_vs_jxl_e3,psnr_rgb_db,best,5,110,corpus-0110.ppm,saturated_desaturated_colors,-9.755223884535768
n148i_vs_jxl_e3,psnr_rgb_db,worst,1,14,corpus-0014.ppm,historical_portraits,85.23905259280673
n148i_vs_jxl_e3,psnr_rgb_db,worst,2,99,corpus-0099.ppm,text_sharp_edges,71.67089696726848
n148i_vs_jxl_e3,psnr_rgb_db,worst,3,75,corpus-0075.ppm,smooth_surfaces_gradients,69.74797131684622
n148i_vs_jxl_e3,psnr_rgb_db,worst,4,117,corpus-0117.ppm,saturated_desaturated_colors,68.41522369572677
n148i_vs_jxl_e3,psnr_rgb_db,worst,5,101,corpus-0101.ppm,text_sharp_edges,67.21031572517388
n148i_vs_jxl_e3,psnr_y_db,best,1,118,corpus-0118.ppm,saturated_desaturated_colors,-30.113951473215206
n148i_vs_jxl_e3,psnr_y_db,best,2,106,corpus-0106.ppm,saturated_desaturated_colors,-17.189040591024263
n148i_vs_jxl_e3,psnr_y_db,best,3,90,corpus-0090.ppm,fine_detail,-10.866241262840305
n148i_vs_jxl_e3,psnr_y_db,best,4,119,corpus-0119.ppm,saturated_desaturated_colors,-8.84792047766647
n148i_vs_jxl_e3,psnr_y_db,best,5,88,corpus-0088.ppm,fine_detail,-6.5998946227731725
n148i_vs_jxl_e3,psnr_y_db,worst,1,14,corpus-0014.ppm,historical_portraits,90.39170140631416
n148i_vs_jxl_e3,psnr_y_db,worst,2,117,corpus-0117.ppm,saturated_desaturated_colors,73.50215017811061
n148i_vs_jxl_e3,psnr_y_db,worst,3,75,corpus-0075.ppm,smooth_surfaces_gradients,62.17484253207151
n148i_vs_jxl_e3,psnr_y_db,worst,4,74,corpus-0074.ppm,smooth_surfaces_gradients,62.116740066787514
n148i_vs_jxl_e3,psnr_y_db,worst,5,13,corpus-0013.ppm,historical_portraits,58.136885797921444
n148i_vs_jxl_e3,ssim,best,1,107,corpus-0107.ppm,saturated_desaturated_colors,-27.94941678952011
n148i_vs_jxl_e3,ssim,best,2,76,corpus-0076.ppm,fine_detail,-20.28542051437273
n148i_vs_jxl_e3,ssim,best,3,110,corpus-0110.ppm,saturated_desaturated_colors,-20.2763867577353
n148i_vs_jxl_e3,ssim,best,4,90,corpus-0090.ppm,fine_detail,-18.650759967753938
n148i_vs_jxl_e3,ssim,best,5,119,corpus-0119.ppm,saturated_desaturated_colors,-16.660457776369963
n148i_vs_jxl_e3,ssim,worst,1,73,corpus-0073.ppm,smooth_surfaces_gradients,93.31069627805029
n148i_vs_jxl_e3,ssim,worst,2,111,corpus-0111.ppm,saturated_desaturated_colors,58.77399641024097
n148i_vs_jxl_e3,ssim,worst,3,75,corpus-0075.ppm,smooth_surfaces_gradients,57.582876400924675
n148i_vs_jxl_e3,ssim,worst,4,93,corpus-0093.ppm,text_sharp_edges,54.8288864938139
n148i_vs_jxl_e3,ssim,worst,5,84,corpus-0084.ppm,fine_detail,50.270865728366054
n148i_vs_jxl_e3,ms_ssim,best,1,88,corpus-0088.ppm,fine_detail,-52.222608903740245
n148i_vs_jxl_e3,ms_ssim,best,2,71,corpus-0071.ppm,smooth_surfaces_gradients,-21.782901867526384
n148i_vs_jxl_e3,ms_ssim,best,3,118,corpus-0118.ppm,saturated_desaturated_colors,-15.908677271167749
n148i_vs_jxl_e3,ms_ssim,best,4,119,corpus-0119.ppm,saturated_desaturated_colors,-15.448977032183741
n148i_vs_jxl_e3,ms_ssim,best,5,76,corpus-0076.ppm,fine_detail,-13.452075982435286
n148i_vs_jxl_e3,ms_ssim,worst,1,101,corpus-0101.ppm,text_sharp_edges,84.11380057990941
n148i_vs_jxl_e3,ms_ssim,worst,2,12,corpus-0012.ppm,historical_portraits,74.98267375902958
n148i_vs_jxl_e3,ms_ssim,worst,3,86,corpus-0086.ppm,fine_detail,61.104735976237755
n148i_vs_jxl_e3,ms_ssim,worst,4,98,corpus-0098.ppm,text_sharp_edges,59.960113330829465
n148i_vs_jxl_e3,ms_ssim,worst,5,75,corpus-0075.ppm,smooth_surfaces_gradients,54.378108115221394
n148i_vs_jxl_e3,ssimulacra2,best,1,51,corpus-0051.ppm,high_frequency_textures,15.9657465839262
n148i_vs_jxl_e3,ssimulacra2,best,2,1,corpus-0001.ppm,historical_portraits,17.111554936811668
n148i_vs_jxl_e3,ssimulacra2,best,3,86,corpus-0086.ppm,fine_detail,17.63975657099557
n148i_vs_jxl_e3,ssimulacra2,best,4,84,corpus-0084.ppm,fine_detail,18.1786702118518
n148i_vs_jxl_e3,ssimulacra2,best,5,4,corpus-0004.ppm,historical_portraits,19.03509676492421
n148i_vs_jxl_e3,ssimulacra2,worst,1,73,corpus-0073.ppm,smooth_surfaces_gradients,122.5371872490093
n148i_vs_jxl_e3,ssimulacra2,worst,2,62,corpus-0062.ppm,smooth_surfaces_gradients,100.71335851616952
n148i_vs_jxl_e3,ssimulacra2,worst,3,61,corpus-0061.ppm,smooth_surfaces_gradients,89.60186184211332
n148i_vs_jxl_e3,ssimulacra2,worst,4,75,corpus-0075.ppm,smooth_surfaces_gradients,88.2259185133582
n148i_vs_jxl_e3,ssimulacra2,worst,5,99,corpus-0099.ppm,text_sharp_edges,84.05620750989185
n148i_vs_jxl_e3,butteraugli,best,1,55,corpus-0055.ppm,high_frequency_textures,9.568715986260479
n148i_vs_jxl_e3,butteraugli,best,2,26,corpus-0026.ppm,natural_landscapes,20.22160203698973
n148i_vs_jxl_e3,butteraugli,best,3,22,corpus-0022.ppm,natural_landscapes,23.210641330365632
n148i_vs_jxl_e3,butteraugli,best,4,61,corpus-0061.ppm,smooth_surfaces_gradients,23.232970588494272
n148i_vs_jxl_e3,butteraugli,best,5,82,corpus-0082.ppm,fine_detail,25.36937274159794
n148i_vs_jxl_e3,butteraugli,worst,1,70,corpus-0070.ppm,smooth_surfaces_gradients,303.209199311103
n148i_vs_jxl_e3,butteraugli,worst,2,99,corpus-0099.ppm,text_sharp_edges,281.39636747494086
n148i_vs_jxl_e3,butteraugli,worst,3,83,corpus-0083.ppm,fine_detail,267.66660597642147
n148i_vs_jxl_e3,butteraugli,worst,4,89,corpus-0089.ppm,fine_detail,248.03145508751996
n148i_vs_jxl_e3,butteraugli,worst,5,119,corpus-0119.ppm,saturated_desaturated_colors,186.205339465607
n148i_vs_jxl_e7,psnr_rgb_db,best,1,88,corpus-0088.ppm,fine_detail,-40.07217322834512
n148i_vs_jxl_e7,psnr_rgb_db,best,2,107,corpus-0107.ppm,saturated_desaturated_colors,-13.570613865824955
n148i_vs_jxl_e7,psnr_rgb_db,best,3,119,corpus-0119.ppm,saturated_desaturated_colors,-5.352630573036432
n148i_vs_jxl_e7,psnr_rgb_db,best,4,120,corpus-0120.ppm,saturated_desaturated_colors,-2.621470214365007
n148i_vs_jxl_e7,psnr_rgb_db,best,5,89,corpus-0089.ppm,fine_detail,5.46252544730681
n148i_vs_jxl_e7,psnr_rgb_db,worst,1,50,corpus-0050.ppm,high_frequency_textures,156.1377339875178
n148i_vs_jxl_e7,psnr_rgb_db,worst,2,73,corpus-0073.ppm,smooth_surfaces_gradients,127.15986414923024
n148i_vs_jxl_e7,psnr_rgb_db,worst,3,99,corpus-0099.ppm,text_sharp_edges,102.05446152011758
n148i_vs_jxl_e7,psnr_rgb_db,worst,4,75,corpus-0075.ppm,smooth_surfaces_gradients,88.7871994701124
n148i_vs_jxl_e7,psnr_rgb_db,worst,5,62,corpus-0062.ppm,smooth_surfaces_gradients,86.60271354104077
n148i_vs_jxl_e7,psnr_y_db,best,1,118,corpus-0118.ppm,saturated_desaturated_colors,-23.77791861535097
n148i_vs_jxl_e7,psnr_y_db,best,2,90,corpus-0090.ppm,fine_detail,-6.213127818822651
n148i_vs_jxl_e7,psnr_y_db,best,3,106,corpus-0106.ppm,saturated_desaturated_colors,-5.640075623484108
n148i_vs_jxl_e7,psnr_y_db,best,4,89,corpus-0089.ppm,fine_detail,-5.258789062005265
n148i_vs_jxl_e7,psnr_y_db,best,5,119,corpus-0119.ppm,saturated_desaturated_colors,2.290024608326724
n148i_vs_jxl_e7,psnr_y_db,worst,1,50,corpus-0050.ppm,high_frequency_textures,126.60892432761615
n148i_vs_jxl_e7,psnr_y_db,worst,2,73,corpus-0073.ppm,smooth_surfaces_gradients,90.91483107261824
n148i_vs_jxl_e7,psnr_y_db,worst,3,75,corpus-0075.ppm,smooth_surfaces_gradients,76.31247433372769
n148i_vs_jxl_e7,psnr_y_db,worst,4,117,corpus-0117.ppm,saturated_desaturated_colors,66.5222535002993
n148i_vs_jxl_e7,psnr_y_db,worst,5,14,corpus-0014.ppm,historical_portraits,65.80821297996073
n148i_vs_jxl_e7,ssim,best,1,88,corpus-0088.ppm,fine_detail,-55.489261723933026
n148i_vs_jxl_e7,ssim,best,2,107,corpus-0107.ppm,saturated_desaturated_colors,-11.83318016871725
n148i_vs_jxl_e7,ssim,best,3,119,corpus-0119.ppm,saturated_desaturated_colors,1.788346846939981
n148i_vs_jxl_e7,ssim,best,4,34,corpus-0034.ppm,urban_architecture,9.816272553330574
n148i_vs_jxl_e7,ssim,best,5,90,corpus-0090.ppm,fine_detail,11.493114037317076
n148i_vs_jxl_e7,ssim,worst,1,73,corpus-0073.ppm,smooth_surfaces_gradients,161.3392479898582
n148i_vs_jxl_e7,ssim,worst,2,50,corpus-0050.ppm,high_frequency_textures,149.950198753758
n148i_vs_jxl_e7,ssim,worst,3,97,corpus-0097.ppm,text_sharp_edges,122.38758027630348
n148i_vs_jxl_e7,ssim,worst,4,15,corpus-0015.ppm,historical_portraits,120.5696202801183
n148i_vs_jxl_e7,ssim,worst,5,95,corpus-0095.ppm,text_sharp_edges,109.40336125430173
n148i_vs_jxl_e7,ms_ssim,best,1,34,corpus-0034.ppm,urban_architecture,-15.986538083867485
n148i_vs_jxl_e7,ms_ssim,best,2,118,corpus-0118.ppm,saturated_desaturated_colors,-15.753283105253068
n148i_vs_jxl_e7,ms_ssim,best,3,119,corpus-0119.ppm,saturated_desaturated_colors,-12.54491338578142
n148i_vs_jxl_e7,ms_ssim,best,4,93,corpus-0093.ppm,text_sharp_edges,-10.611737436742864
n148i_vs_jxl_e7,ms_ssim,best,5,89,corpus-0089.ppm,fine_detail,-9.493182110611297
n148i_vs_jxl_e7,ms_ssim,worst,1,101,corpus-0101.ppm,text_sharp_edges,98.3215539824461
n148i_vs_jxl_e7,ms_ssim,worst,2,73,corpus-0073.ppm,smooth_surfaces_gradients,95.44837535318213
n148i_vs_jxl_e7,ms_ssim,worst,3,75,corpus-0075.ppm,smooth_surfaces_gradients,84.37161103942425
n148i_vs_jxl_e7,ms_ssim,worst,4,12,corpus-0012.ppm,historical_portraits,80.59723035147313
n148i_vs_jxl_e7,ms_ssim,worst,5,50,corpus-0050.ppm,high_frequency_textures,79.76762071060173
n148i_vs_jxl_e7,ssimulacra2,best,1,45,corpus-0045.ppm,urban_architecture,10.592787013603534
n148i_vs_jxl_e7,ssimulacra2,best,2,51,corpus-0051.ppm,high_frequency_textures,12.264595734207195
n148i_vs_jxl_e7,ssimulacra2,best,3,96,corpus-0096.ppm,text_sharp_edges,13.583041251020544
n148i_vs_jxl_e7,ssimulacra2,best,4,27,corpus-0027.ppm,natural_landscapes,14.597962111072338
n148i_vs_jxl_e7,ssimulacra2,best,5,56,corpus-0056.ppm,high_frequency_textures,14.938715897937204
n148i_vs_jxl_e7,ssimulacra2,worst,1,73,corpus-0073.ppm,smooth_surfaces_gradients,187.46431667464253
n148i_vs_jxl_e7,ssimulacra2,worst,2,62,corpus-0062.ppm,smooth_surfaces_gradients,105.764931616718
n148i_vs_jxl_e7,ssimulacra2,worst,3,99,corpus-0099.ppm,text_sharp_edges,105.22846308390092
n148i_vs_jxl_e7,ssimulacra2,worst,4,75,corpus-0075.ppm,smooth_surfaces_gradients,103.59078708442703
n148i_vs_jxl_e7,ssimulacra2,worst,5,88,corpus-0088.ppm,fine_detail,101.76209503409352
n148i_vs_jxl_e7,butteraugli,best,1,9,corpus-0009.ppm,historical_portraits,16.5522974971946
n148i_vs_jxl_e7,butteraugli,best,2,81,corpus-0081.ppm,fine_detail,16.70912467578387
n148i_vs_jxl_e7,butteraugli,best,3,61,corpus-0061.ppm,smooth_surfaces_gradients,20.048315027847806
n148i_vs_jxl_e7,butteraugli,best,4,82,corpus-0082.ppm,fine_detail,20.858819722677403
n148i_vs_jxl_e7,butteraugli,best,5,55,corpus-0055.ppm,high_frequency_textures,21.2336167897913
n148i_vs_jxl_e7,butteraugli,worst,1,90,corpus-0090.ppm,fine_detail,434.0488080268445
n148i_vs_jxl_e7,butteraugli,worst,2,70,corpus-0070.ppm,smooth_surfaces_gradients,291.9816288869586
n148i_vs_jxl_e7,butteraugli,worst,3,99,corpus-0099.ppm,text_sharp_edges,264.747114235636
n148i_vs_jxl_e7,butteraugli,worst,4,83,corpus-0083.ppm,fine_detail,243.0905321280488
n148i_vs_jxl_e7,butteraugli,worst,5,120,corpus-0120.ppm,saturated_desaturated_colors,194.80844433054338
