axis,codec,point,quality,jxl_distance,jxl_effort,threads,images,total_pixels,encode_corpus_ms,decode_corpus_ms,encode_megapixels_s,decode_megapixels_s
A_single_thread,jpeg,1,30,,,1,120,53780086,230.440969433593,107.834690409082,233.37901299490062,498.72713313294366
A_single_thread,jpeg,2,45,,,1,120,53780086,254.829791218008,118.354998678591,211.0431662756059,454.3964057322758
A_single_thread,jpeg,3,60,,,1,120,53780086,286.369352725274,131.640502975805,187.79972608169936,408.53753050369744
A_single_thread,jpeg,4,75,,,1,120,53780086,334.230449531476,152.321613358727,160.90720063174643,353.0693039164738
A_single_thread,jpeg,5,90,,,1,120,53780086,448.555363544528,200.1374677768,119.89620539820223,268.7157312291837
A_single_thread,jxl_e3,1,,8.0,3,1,120,53780086,1302.998134016993,1914.378415547313,41.27410822470037,28.092714357429955
A_single_thread,jxl_e3,2,,5.0,3,1,120,53780086,1384.648356166974,1938.948150608442,38.84024832765171,27.736732404692624
A_single_thread,jxl_e3,3,,3.0,3,1,120,53780086,1500.530314053097,1074.433787219545,35.840719441871244,50.054351082139625
A_single_thread,jxl_e3,4,,1.5,3,1,120,53780086,1769.3152915438,1190.992795194686,30.39598779088982,45.1556770259125
A_single_thread,jxl_e3,5,,0.7,3,1,120,53780086,1949.283656323951,1019.092212578243,27.589666504166445,52.77254142089809
A_single_thread,jxl_e7,1,,8.0,7,1,120,53780086,19543.004901945595,1357.107494945327,2.7518841790110766,39.62846436285182
A_single_thread,jxl_e7,2,,5.0,7,1,120,53780086,19308.04763174057,1376.752727549625,2.7853715210227015,39.062995789896846
A_single_thread,jxl_e7,3,,3.0,7,1,120,53780086,19914.06055089832,1082.022345534038,2.7006087413736415,49.70330439290193
A_single_thread,jxl_e7,4,,1.5,7,1,120,53780086,19315.990331828605,1197.85918512997,2.784226181319938,44.896834843041056
A_single_thread,jxl_e7,5,,0.7,7,1,120,53780086,20247.42621800303,1255.957383457753,2.6561443129093294,42.81999270702884
A_single_thread,n148i,1,30,,,1,120,53780086,185.070008403607,100.276713358918,290.5932001835465,536.3167997689179
A_single_thread,n148i,2,45,,,1,120,53780086,195.240011649869,110.434263491472,275.4562732584025,486.98731987426197
A_single_thread,n148i,3,60,,,1,120,53780086,213.193663459503,123.089157344943,252.25930793302282,436.9197674275045
A_single_thread,n148i,4,75,,,1,120,53780086,238.25136779656,142.104249827038,225.72834102644975,378.45515574276186
A_single_thread,n148i,5,90,,,1,120,53780086,296.546427999959,187.089102437308,181.354691616813,287.457074192877
B_throughput,jpeg,1,30,,,1,120,53780086,240.113499652708,115.145524038679,223.97776917077005,467.06188928311724
B_throughput,jpeg,2,45,,,1,120,53780086,268.736603924483,127.746596736541,200.1219231568194,420.99036196567886
B_throughput,jpeg,3,60,,,1,120,53780086,293.900799811174,144.367003712221,182.98720532422078,372.5233925835603
B_throughput,jpeg,4,75,,,1,120,53780086,337.498377131947,163.331621195761,159.34916919311397,329.2692842100791
B_throughput,jpeg,5,90,,,1,120,53780086,450.167128108603,215.19989995399,119.46693270554739,249.9075790067665
B_throughput,jxl_e3,1,,8.0,3,10,120,53780086,1250.155144234502,1442.955956147046,43.01872951371228,37.27077446189181
B_throughput,jxl_e3,2,,5.0,3,10,120,53780086,1322.825684145094,1463.123612289632,40.65545947934674,36.757035118748384
B_throughput,jxl_e3,3,,3.0,3,10,120,53780086,1419.712131048239,960.529356098385,37.88097940692504,55.9900492978701
B_throughput,jxl_e3,4,,1.5,3,10,120,53780086,1524.279719392463,1009.428828598497,35.28229452625356,53.27773932776312
B_throughput,jxl_e3,5,,0.7,3,10,120,53780086,1742.568979119259,860.474666168148,30.862529199378894,62.50048736413429
B_throughput,jxl_e7,1,,8.0,7,10,120,53780086,11484.321135014294,1068.513193605837,4.68291380637477,50.33170046175293
B_throughput,jxl_e7,2,,5.0,7,10,120,53780086,11474.284047096971,1071.884643058972,4.6870101680641705,50.173389784297136
B_throughput,jxl_e7,3,,3.0,7,10,120,53780086,11919.784804016355,876.130277400715,4.5118336349393555,61.38366335147512
B_throughput,jxl_e7,4,,1.5,7,10,120,53780086,10402.222027897831,883.846363106798,5.170057498846555,60.84777654224684
B_throughput,jxl_e7,5,,0.7,7,10,120,53780086,10658.121251225475,875.83527564357,5.045925518422522,61.40433880158802
B_throughput,n148i,1,30,,,10,120,53780086,157.070453891489,99.531812275552,342.39466855525603,540.3306216419612
B_throughput,n148i,2,45,,,10,120,53780086,171.20377290962801,110.84809283041,314.12909357078524,485.16924943652265
B_throughput,n148i,3,60,,,10,120,53780086,190.411426801298,121.424354360363,282.44148422941913,442.9102076210474
B_throughput,n148i,4,75,,,10,120,53780086,208.674797080216,139.146330821392,257.7219997455015,386.5002094020864
B_throughput,n148i,5,90,,,10,120,53780086,264.804238650373,184.169810670132,203.09375059138333,292.0135814024696
