axis,competitor,operation,category,count,geomean_ratio_n148_over_competitor,median_ratio,ratio_q1,ratio_q3,n148_delta_pct,wins,ties,losses,tie_threshold_pct,wilcoxon_p
A_single_thread,jpeg,decode,fine_detail,15,0.9486018254169877,0.9433774670605574,0.9414793434375069,0.9590909296144678,-5.139817458301232,15,0,0,1.0,6.103515625e-05
A_single_thread,jpeg,decode,high_frequency_textures,15,0.9209284637164998,0.9200208936273049,0.9066050778935266,0.9282906600225584,-7.907153628350017,15,0,0,1.0,6.103515625e-05
A_single_thread,jpeg,decode,historical_portraits,15,0.9277323375051099,0.9305906002450766,0.9135824164509245,0.9450226198359745,-7.226766249489014,15,0,0,1.0,6.103515625e-05
A_single_thread,jpeg,decode,natural_landscapes,15,0.9301935107410731,0.9342025545143681,0.9250199757021866,0.9359482316436756,-6.980648925892686,15,0,0,1.0,6.103515625e-05
A_single_thread,jpeg,decode,saturated_desaturated_colors,15,0.9455394029087654,0.9372172948767726,0.9235210519351892,0.9630637345612605,-5.446059709123463,14,1,0,1.0,6.103515625e-05
A_single_thread,jpeg,decode,smooth_surfaces_gradients,15,0.9245899404613818,0.9216023886154842,0.9115505166778521,0.9352977348913383,-7.5410059538618235,14,1,0,1.0,6.103515625e-05
A_single_thread,jpeg,decode,text_sharp_edges,15,0.931030361037888,0.9334822003968399,0.9105256318960651,0.9461049118914009,-6.8969638962111945,15,0,0,1.0,6.103515625e-05
A_single_thread,jpeg,decode,urban_architecture,15,0.9357030358152222,0.9394669656247752,0.9277159189519446,0.9452491580868914,-6.429696418477782,15,0,0,1.0,6.103515625e-05
A_single_thread,jpeg,encode,fine_detail,15,0.7091196499944742,0.7199626636408207,0.6691656670754864,0.7313651612520475,-29.08803500055258,15,0,0,1.0,6.103515625e-05
A_single_thread,jpeg,encode,high_frequency_textures,15,0.694154004367105,0.6736741974169341,0.6665796691096718,0.7122539659767926,-30.584599563289505,15,0,0,1.0,6.103515625e-05
A_single_thread,jpeg,encode,historical_portraits,15,0.7720865728673941,0.7628949605995229,0.7290058837530686,0.8103456004624165,-22.791342713260587,15,0,0,1.0,6.103515625e-05
A_single_thread,jpeg,encode,natural_landscapes,15,0.7461812378776567,0.7405868695694825,0.7118109767667375,0.7847270448270331,-25.38187621223433,15,0,0,1.0,6.103515625e-05
A_single_thread,jpeg,encode,saturated_desaturated_colors,15,0.7447311393777267,0.7480679624580464,0.7048766412490765,0.7812743300942993,-25.526886062227327,15,0,0,1.0,6.103515625e-05
A_single_thread,jpeg,encode,smooth_surfaces_gradients,15,0.7962959460787105,0.7979905408328999,0.7628197889725659,0.856795986060096,-20.370405392128955,15,0,0,1.0,6.103515625e-05
A_single_thread,jpeg,encode,text_sharp_edges,15,0.7477278538519623,0.7257894162871341,0.7122494274377459,0.7953493618715766,-25.22721461480377,15,0,0,1.0,6.103515625e-05
A_single_thread,jpeg,encode,urban_architecture,15,0.7272535846408279,0.7085622583707344,0.703020689446989,0.7552477972683027,-27.274641535917212,15,0,0,1.0,6.103515625e-05
A_single_thread,jxl_e3,decode,fine_detail,15,0.10164248578698262,0.10036731034247469,0.09762949968318546,0.10633903102947986,-89.83575142130174,15,0,0,1.0,6.103515625e-05
A_single_thread,jxl_e3,decode,high_frequency_textures,15,0.102653443720181,0.10204864227002185,0.09726431095033167,0.10865529839788687,-89.7346556279819,15,0,0,1.0,6.103515625e-05
A_single_thread,jxl_e3,decode,historical_portraits,15,0.08613063647925066,0.08855648714742399,0.07981922665618826,0.0936264821667076,-91.38693635207493,15,0,0,1.0,6.103515625e-05
A_single_thread,jxl_e3,decode,natural_landscapes,15,0.09361256782017122,0.09280863663054001,0.08806064539486162,0.09922906007917359,-90.63874321798288,15,0,0,1.0,6.103515625e-05
A_single_thread,jxl_e3,decode,saturated_desaturated_colors,15,0.09294590601059999,0.09895376552124455,0.08386001179787136,0.10151027006770816,-90.70540939894,15,0,0,1.0,6.103515625e-05
A_single_thread,jxl_e3,decode,smooth_surfaces_gradients,15,0.08328882244769889,0.08558275003731648,0.07316884737244969,0.08994047405798647,-91.67111775523011,15,0,0,1.0,6.103515625e-05
A_single_thread,jxl_e3,decode,text_sharp_edges,15,0.08953149906409101,0.08890095758715512,0.085906997168026,0.09404425235985239,-91.0468500935909,15,0,0,1.0,6.103515625e-05
A_single_thread,jxl_e3,decode,urban_architecture,15,0.09310840028425856,0.09607666815682527,0.08763738298881213,0.09826127927012146,-90.68915997157414,15,0,0,1.0,6.103515625e-05
A_single_thread,jxl_e3,encode,fine_detail,15,0.13634658370974032,0.14018610826131245,0.12003932278318286,0.1508573373668086,-86.36534162902598,15,0,0,1.0,6.103515625e-05
A_single_thread,jxl_e3,encode,high_frequency_textures,15,0.14364400080267198,0.14736484046139245,0.13149633002465871,0.15293833460008732,-85.6355999197328,15,0,0,1.0,6.103515625e-05
A_single_thread,jxl_e3,encode,historical_portraits,15,0.14323815120577232,0.14390698943113706,0.13791530475556033,0.15688289547326245,-85.67618487942276,15,0,0,1.0,6.103515625e-05
A_single_thread,jxl_e3,encode,natural_landscapes,15,0.14045920326362146,0.14232885330873438,0.1334321497851013,0.15298260593345148,-85.95407967363785,15,0,0,1.0,6.103515625e-05
A_single_thread,jxl_e3,encode,saturated_desaturated_colors,15,0.13118863668196204,0.13274176060086618,0.12307589844431192,0.14377586455438382,-86.8811363318038,15,0,0,1.0,6.103515625e-05
A_single_thread,jxl_e3,encode,smooth_surfaces_gradients,15,0.12805682123827347,0.13726013191316624,0.11065208985110742,0.1486595370868386,-87.19431787617266,15,0,0,1.0,6.103515625e-05
A_single_thread,jxl_e3,encode,text_sharp_edges,15,0.12994434582321032,0.1276355239123651,0.11357342354348864,0.15250038603838517,-87.00556541767897,15,0,0,1.0,6.103515625e-05
A_single_thread,jxl_e3,encode,urban_architecture,15,0.13821555145673697,0.14027968632305243,0.13453839667246287,0.1500200345135762,-86.1784448543263,15,0,0,1.0,6.103515625e-05
A_single_thread,jxl_e7,decode,fine_detail,15,0.10710763029174171,0.10564366794776328,0.10117454708490228,0.11425927260914204,-89.28923697082583,15,0,0,1.0,6.103515625e-05
A_single_thread,jxl_e7,decode,high_frequency_textures,15,0.12299120511022191,0.1256362139052185,0.11238640083304044,0.13885010994649166,-87.70087948897782,15,0,0,1.0,6.103515625e-05
A_single_thread,jxl_e7,decode,historical_portraits,15,0.09680184703454252,0.09934067882766748,0.08815880520684405,0.10387258851733364,-90.31981529654574,15,0,0,1.0,6.103515625e-05
A_single_thread,jxl_e7,decode,natural_landscapes,15,0.10081904283964323,0.09891115295356613,0.09349630353561998,0.1087466213096697,-89.91809571603568,15,0,0,1.0,6.103515625e-05
A_single_thread,jxl_e7,decode,saturated_desaturated_colors,15,0.09703119969947804,0.09641033877833272,0.08902180586804975,0.10973037239670579,-90.2968800300522,15,0,0,1.0,6.103515625e-05
A_single_thread,jxl_e7,decode,smooth_surfaces_gradients,15,0.09124020766247105,0.09128754625360011,0.08299491836172868,0.10264194350288036,-90.87597923375289,15,0,0,1.0,6.103515625e-05
A_single_thread,jxl_e7,decode,text_sharp_edges,15,0.0896934949590654,0.08894344184141523,0.08517482111118815,0.09241391236096935,-91.03065050409346,15,0,0,1.0,6.103515625e-05
A_single_thread,jxl_e7,decode,urban_architecture,15,0.10037602431075862,0.09895581868960159,0.09365301448022312,0.10690715905820694,-89.96239756892413,15,0,0,1.0,6.103515625e-05
A_single_thread,jxl_e7,encode,fine_detail,15,0.012411770850738106,0.011958751629763741,0.011641610464194214,0.0134463384674182,-98.75882291492618,15,0,0,1.0,6.103515625e-05
A_single_thread,jxl_e7,encode,high_frequency_textures,15,0.012936841655749263,0.013217108004162438,0.011810713683044568,0.01391068839466645,-98.70631583442507,15,0,0,1.0,6.103515625e-05
A_single_thread,jxl_e7,encode,historical_portraits,15,0.01011773710086979,0.010555917012739393,0.009057305370663855,0.011516738077784302,-98.98822628991302,15,0,0,1.0,6.103515625e-05
A_single_thread,jxl_e7,encode,natural_landscapes,15,0.011880289847927472,0.012010758003588503,0.010960872414693922,0.01333719012560093,-98.81197101520726,15,0,0,1.0,6.103515625e-05
A_single_thread,jxl_e7,encode,saturated_desaturated_colors,15,0.010832008831790089,0.011598264766688253,0.010397451388525731,0.012111522622396932,-98.91679911682098,15,0,0,1.0,6.103515625e-05
A_single_thread,jxl_e7,encode,smooth_surfaces_gradients,15,0.009947315525356446,0.010340283869003793,0.00925847370104836,0.010568168143448964,-99.00526844746436,15,0,0,1.0,6.103515625e-05
A_single_thread,jxl_e7,encode,text_sharp_edges,15,0.010401923481181059,0.01036842607150554,0.009722441732682621,0.011042192061943689,-98.95980765188189,15,0,0,1.0,6.103515625e-05
A_single_thread,jxl_e7,encode,urban_architecture,15,0.011438593133902423,0.01158792022219368,0.010541455506425788,0.012679787146947192,-98.85614068660976,15,0,0,1.0,6.103515625e-05
B_throughput,jpeg,decode,fine_detail,15,0.8717280383246471,0.8749664167315278,0.8514004431915054,0.8933220488153344,-12.827196167535293,15,0,0,1.0,6.103515625e-05
B_throughput,jpeg,decode,high_frequency_textures,15,0.8618502132562467,0.8569366173873336,0.8310076692047003,0.9039057626822165,-13.814978674375332,15,0,0,1.0,6.103515625e-05
B_throughput,jpeg,decode,historical_portraits,15,0.8295116133464082,0.8362118173122003,0.8169770552488187,0.8566344301831434,-17.048838665359177,15,0,0,1.0,6.103515625e-05
B_throughput,jpeg,decode,natural_landscapes,15,0.8538634382988016,0.8489651705590564,0.841545339972672,0.8688609719378846,-14.613656170119837,15,0,0,1.0,6.103515625e-05
B_throughput,jpeg,decode,saturated_desaturated_colors,15,0.8574088179008801,0.8530203379107592,0.8362482095077759,0.8687988516045133,-14.259118209911993,15,0,0,1.0,6.103515625e-05
B_throughput,jpeg,decode,smooth_surfaces_gradients,15,0.8341460132036176,0.8327084696872054,0.8125909998535698,0.8606746921867835,-16.585398679638242,15,0,0,1.0,6.103515625e-05
B_throughput,jpeg,decode,text_sharp_edges,15,0.8439939198423791,0.8548324179755741,0.8275221453068871,0.8632069456888083,-15.600608015762084,15,0,0,1.0,6.103515625e-05
B_throughput,jpeg,decode,urban_architecture,15,0.8511328920501753,0.8492282015297643,0.8244683217368117,0.8822762505473245,-14.886710794982472,15,0,0,1.0,6.103515625e-05
B_throughput,jpeg,encode,fine_detail,15,0.667571040744776,0.6114400464507735,0.5762068141330678,0.7771528732405384,-33.2428959255224,15,0,0,1.0,6.103515625e-05
B_throughput,jpeg,encode,high_frequency_textures,15,0.6525822797724247,0.6263066655446148,0.594777386782416,0.7134821908367668,-34.74177202275753,15,0,0,1.0,6.103515625e-05
B_throughput,jpeg,encode,historical_portraits,15,0.6186000170865642,0.5909535179368309,0.5503110660810051,0.7014766108407162,-38.13999829134358,15,0,0,1.0,6.103515625e-05
B_throughput,jpeg,encode,natural_landscapes,15,0.6904944230846637,0.6376550016932924,0.6179904227855799,0.8016021064015768,-30.950557691533632,15,0,0,1.0,6.103515625e-05
B_throughput,jpeg,encode,saturated_desaturated_colors,15,0.7059006471108498,0.6549298402022312,0.6293210545873724,0.8017678020893767,-29.409935288915023,14,1,0,1.0,0.0001220703125
B_throughput,jpeg,encode,smooth_surfaces_gradients,15,0.697498948573637,0.657591799135533,0.6272485236187211,0.7949371980433344,-30.250105142636297,15,0,0,1.0,6.103515625e-05
B_throughput,jpeg,encode,text_sharp_edges,15,0.6937555249895733,0.7175027921397124,0.6010040982069906,0.7915717741223631,-30.624447501042674,15,0,0,1.0,6.103515625e-05
B_throughput,jpeg,encode,urban_architecture,15,0.6582386014832663,0.6067987535759958,0.5771268154655189,0.7352520663500646,-34.17613985167337,15,0,0,1.0,6.103515625e-05
B_throughput,jxl_e3,decode,fine_detail,15,0.11210024554637324,0.11396163232607295,0.08758616698199595,0.14159660910723884,-88.78997544536269,15,0,0,1.0,6.103515625e-05
B_throughput,jxl_e3,decode,high_frequency_textures,15,0.13122695264798587,0.13107014301827774,0.11184173281291182,0.15959379175539823,-86.8773047352014,15,0,0,1.0,6.103515625e-05
B_throughput,jxl_e3,decode,historical_portraits,15,0.10560867717085229,0.10389104531793303,0.09041319606057716,0.14439668960386062,-89.43913228291477,15,0,0,1.0,6.103515625e-05
B_throughput,jxl_e3,decode,natural_landscapes,15,0.09825962782515595,0.09961643982533637,0.07836743436144371,0.11795925975572645,-90.1740372174844,15,0,0,1.0,6.103515625e-05
B_throughput,jxl_e3,decode,saturated_desaturated_colors,15,0.08946757835797782,0.10017362896675756,0.06361923472221206,0.12371852774250358,-91.05324216420222,15,0,0,1.0,6.103515625e-05
B_throughput,jxl_e3,decode,smooth_surfaces_gradients,15,0.0828685733842765,0.08653931826935114,0.0660392389356329,0.10402023162725402,-91.71314266157236,15,0,0,1.0,6.103515625e-05
B_throughput,jxl_e3,decode,text_sharp_edges,15,0.08423773969968743,0.08529922113059873,0.06996753452810325,0.10133562543187175,-91.57622603003126,15,0,0,1.0,6.103515625e-05
B_throughput,jxl_e3,decode,urban_architecture,15,0.10551637935620639,0.09823831225268534,0.08671157369618768,0.14446925052644505,-89.44836206437937,15,0,0,1.0,6.103515625e-05
B_throughput,jxl_e3,encode,fine_detail,15,0.13877877935697516,0.14018918036737466,0.12520998113679077,0.15441490060478577,-86.12212206430249,15,0,0,1.0,6.103515625e-05
B_throughput,jxl_e3,encode,high_frequency_textures,15,0.15293079762450146,0.15418040530075583,0.14680511214131992,0.16708044740908856,-84.70692023754985,15,0,0,1.0,6.103515625e-05
B_throughput,jxl_e3,encode,historical_portraits,15,0.12988326854887336,0.13033851646437117,0.11755959383608092,0.15116785270492436,-87.01167314511267,15,0,0,1.0,6.103515625e-05
B_throughput,jxl_e3,encode,natural_landscapes,15,0.12862077100889294,0.12858337131494896,0.11847564233408213,0.1417697112102403,-87.1379228991107,15,0,0,1.0,6.103515625e-05
B_throughput,jxl_e3,encode,saturated_desaturated_colors,15,0.12470867848289328,0.12957068420453804,0.11007292516492248,0.1444710404938495,-87.52913215171067,15,0,0,1.0,6.103515625e-05
B_throughput,jxl_e3,encode,smooth_surfaces_gradients,15,0.11573561146089459,0.1159142149414595,0.10275843173344432,0.12883351953112293,-88.42643885391054,15,0,0,1.0,6.103515625e-05
B_throughput,jxl_e3,encode,text_sharp_edges,15,0.110126884512601,0.10614601484906798,0.10021093244412319,0.11636543958342029,-88.9873115487399,15,0,0,1.0,6.103515625e-05
B_throughput,jxl_e3,encode,urban_architecture,15,0.1267469840116469,0.11812014460329254,0.10995135770293751,0.1486357448361596,-87.32530159883531,15,0,0,1.0,6.103515625e-05
B_throughput,jxl_e7,decode,fine_detail,15,0.13016330385737157,0.13075117591171082,0.10401516734508173,0.16769082558950255,-86.98366961426285,15,0,0,1.0,6.103515625e-05
B_throughput,jxl_e7,decode,high_frequency_textures,15,0.1639765507626872,0.16883162990244063,0.14390401872810812,0.19485645111312622,-83.60234492373128,15,0,0,1.0,6.103515625e-05
B_throughput,jxl_e7,decode,historical_portraits,15,0.1265076281452956,0.12095689486276794,0.10825835719245305,0.16368311839182037,-87.34923718547044,15,0,0,1.0,6.103515625e-05
B_throughput,jxl_e7,decode,natural_landscapes,15,0.11575195710729844,0.11951777149906491,0.09354837306904046,0.13976179950914788,-88.42480428927016,15,0,0,1.0,6.103515625e-05
B_throughput,jxl_e7,decode,saturated_desaturated_colors,15,0.10442426533243636,0.12046301707364225,0.07479673444879664,0.14277219779493056,-89.55757346675637,15,0,0,1.0,6.103515625e-05
B_throughput,jxl_e7,decode,smooth_surfaces_gradients,15,0.10025735450922613,0.10551873203004034,0.08486128945338064,0.12586353351821322,-89.97426454907739,15,0,0,1.0,6.103515625e-05
B_throughput,jxl_e7,decode,text_sharp_edges,15,0.09543970297230073,0.09453641646166257,0.07761934150180291,0.1162137426110013,-90.45602970276992,15,0,0,1.0,6.103515625e-05
B_throughput,jxl_e7,decode,urban_architecture,15,0.12265758494527099,0.12263612728189541,0.10328974526889154,0.15900727277513066,-87.7342415054729,15,0,0,1.0,6.103515625e-05
B_throughput,jxl_e7,encode,fine_detail,15,0.01934604427433603,0.019393247797566175,0.017470430712811354,0.021029844448928837,-98.06539557256639,15,0,0,1.0,6.103515625e-05
B_throughput,jxl_e7,encode,high_frequency_textures,15,0.022242574194913347,0.022709771194907424,0.021682193640588543,0.024208270553638916,-97.77574258050866,15,0,0,1.0,6.103515625e-05
B_throughput,jxl_e7,encode,historical_portraits,15,0.015426025978106647,0.01511865136060566,0.013510379124042092,0.017767864065697147,-98.45739740218934,15,0,0,1.0,6.103515625e-05
B_throughput,jxl_e7,encode,natural_landscapes,15,0.017526378288792412,0.018368710923451343,0.015526131823904107,0.020406765157285636,-98.24736217112076,15,0,0,1.0,6.103515625e-05
B_throughput,jxl_e7,encode,saturated_desaturated_colors,15,0.015739488583524384,0.016936458782819918,0.014980779002807122,0.018283390025021946,-98.42605114164756,15,0,0,1.0,6.103515625e-05
B_throughput,jxl_e7,encode,smooth_surfaces_gradients,15,0.013999615732122503,0.014019746018270801,0.012478953707356678,0.015696533871723796,-98.60003842678775,15,0,0,1.0,6.103515625e-05
B_throughput,jxl_e7,encode,text_sharp_edges,15,0.014609641175739815,0.014730708791747888,0.013050309322711236,0.01674842939722326,-98.53903588242602,15,0,0,1.0,6.103515625e-05
B_throughput,jxl_e7,encode,urban_architecture,15,0.01742235387858024,0.018306659140738837,0.014521731628455036,0.02074946289068206,-98.25776461214197,15,0,0,1.0,6.103515625e-05
