codec,metric,point,bpp,quality_axis
n148i_v1,psnr_y_db,1,0.6234769429279318,29.950246917337555
n148i_v1,psnr_y_db,2,0.8272114701740217,31.426517449663454
n148i_v1,psnr_y_db,3,1.029451940708693,32.79512249826502
n148i_v1,psnr_y_db,4,1.3635020597473442,34.86213823930112
n148i_v1,psnr_y_db,5,2.306977668261941,40.564353288694626
n148i_v2,psnr_y_db,1,0.3817451310373973,29.8612606903363
n148i_v2,psnr_y_db,2,0.5816899514252611,32.29671514304344
n148i_v2,psnr_y_db,3,0.7924061076287418,34.492791861833055
n148i_v2,psnr_y_db,4,1.1504930897007029,37.63679810341915
n148i_v2,psnr_y_db,5,2.1068748252423326,44.09748951287572
jpeg_turbo,psnr_y_db,1,0.634665755627927,29.95156227397485
jpeg_turbo,psnr_y_db,2,0.8400866679850977,31.428186678744737
jpeg_turbo,psnr_y_db,3,1.0441395365500101,32.79709626363789
jpeg_turbo,psnr_y_db,4,1.3817590761969936,34.86411012316496
jpeg_turbo,psnr_y_db,5,2.334981304538278,40.567073659247164
webp_m4,psnr_y_db,1,0.5880014023495602,32.13544305411543
webp_m4,psnr_y_db,2,0.7582393185902044,33.99401992262276
webp_m4,psnr_y_db,3,0.910790315414186,35.37330036472857
webp_m4,psnr_y_db,4,1.0879401685797592,36.84502371126845
webp_m4,psnr_y_db,5,2.025172397457578,43.025965016967376
webp_m6,psnr_y_db,1,0.5505492282535956,31.861469149398015
webp_m6,psnr_y_db,2,0.7155070276007124,33.729576921020595
webp_m6,psnr_y_db,3,0.8630239906380369,35.094909276882134
webp_m6,psnr_y_db,4,1.0370250065074598,36.58414944593064
webp_m6,psnr_y_db,5,1.9753793311327443,42.89357600673381
webp_m6_historical,psnr_y_db,1,0.5505492282535956,31.861469149398015
webp_m6_historical,psnr_y_db,2,0.7155070276007124,33.729576921020595
webp_m6_historical,psnr_y_db,3,0.8630239906380369,35.094909276882134
webp_m6_historical,psnr_y_db,4,1.0370250065074598,36.58414944593064
webp_m6_historical,psnr_y_db,5,1.9753793311327443,42.89357600673381
jxl_e3,psnr_y_db,1,0.402407603103605,29.487139737138573
jxl_e3,psnr_y_db,2,0.6011592850907571,31.741821071544432
jxl_e3,psnr_y_db,3,0.9116544425918804,34.5697262029902
jxl_e3,psnr_y_db,4,1.3894281711335128,38.401545686377986
jxl_e3,psnr_y_db,5,2.2708736838327077,43.79366891981623
jxl_e7,psnr_y_db,1,0.34183104537609743,28.48454211534517
jxl_e7,psnr_y_db,2,0.50675426883114,30.592531314264285
jxl_e7,psnr_y_db,3,0.7922914399241681,33.44586510924994
jxl_e7,psnr_y_db,4,1.3966067206012316,38.445245820392714
jxl_e7,psnr_y_db,5,2.322150677213079,44.03800111140526
n148i_v1,psnr_rgb_db,1,0.6234769429279318,28.71706494658559
n148i_v1,psnr_rgb_db,2,0.8272114701740217,30.020282121149243
n148i_v1,psnr_rgb_db,3,1.029451940708693,31.151787825265732
n148i_v1,psnr_rgb_db,4,1.3635020597473442,32.80308963418736
n148i_v1,psnr_rgb_db,5,2.306977668261941,36.72760396069303
n148i_v2,psnr_rgb_db,1,0.3817451310373973,28.84817748207192
n148i_v2,psnr_rgb_db,2,0.5816899514252611,30.916484464243297
n148i_v2,psnr_rgb_db,3,0.7924061076287418,32.66545731462209
n148i_v2,psnr_rgb_db,4,1.1504930897007029,35.09475061095558
n148i_v2,psnr_rgb_db,5,2.1068748252423326,39.16929548544815
jpeg_turbo,psnr_rgb_db,1,0.634665755627927,28.7212161703291
jpeg_turbo,psnr_rgb_db,2,0.8400866679850977,30.021891497678194
jpeg_turbo,psnr_rgb_db,3,1.0441395365500101,31.152193232868637
jpeg_turbo,psnr_rgb_db,4,1.3817590761969936,32.8008763659789
jpeg_turbo,psnr_rgb_db,5,2.334981304538278,36.71864067786324
webp_m4,psnr_rgb_db,1,0.5880014023495602,30.54891035524481
webp_m4,psnr_rgb_db,2,0.7582393185902044,32.06258973381726
webp_m4,psnr_rgb_db,3,0.910790315414186,33.15284053643016
webp_m4,psnr_rgb_db,4,1.0879401685797592,34.26713529640511
webp_m4,psnr_rgb_db,5,2.025172397457578,38.11404754285186
webp_m6,psnr_rgb_db,1,0.5505492282535956,30.35641524357311
webp_m6,psnr_rgb_db,2,0.7155070276007124,31.888531212682206
webp_m6,psnr_rgb_db,3,0.8630239906380369,32.98204516843458
webp_m6,psnr_rgb_db,4,1.0370250065074598,34.119769765946245
webp_m6,psnr_rgb_db,5,1.9753793311327443,38.06461883880707
webp_m6_historical,psnr_rgb_db,1,0.5505492282535956,30.35641524357311
webp_m6_historical,psnr_rgb_db,2,0.7155070276007124,31.888531212682206
webp_m6_historical,psnr_rgb_db,3,0.8630239906380369,32.98204516843458
webp_m6_historical,psnr_rgb_db,4,1.0370250065074598,34.119769765946245
webp_m6_historical,psnr_rgb_db,5,1.9753793311327443,38.06461883880707
jxl_e3,psnr_rgb_db,1,0.402407603103605,28.250110650649106
jxl_e3,psnr_rgb_db,2,0.6011592850907571,30.097416989643705
jxl_e3,psnr_rgb_db,3,0.9116544425918804,32.23726853736777
jxl_e3,psnr_rgb_db,4,1.3894281711335128,34.89612823080265
jxl_e3,psnr_rgb_db,5,2.2708736838327077,38.39191181437898
jxl_e7,psnr_rgb_db,1,0.34183104537609743,27.601636515807883
jxl_e7,psnr_rgb_db,2,0.50675426883114,29.36527792785735
jxl_e7,psnr_rgb_db,3,0.7922914399241681,31.644043883613474
jxl_e7,psnr_rgb_db,4,1.3966067206012316,35.101096213773666
jxl_e7,psnr_rgb_db,5,2.322150677213079,38.52653101713582
n148i_v1,ssim,1,0.6234769429279318,0.8616186074309526
n148i_v1,ssim,2,0.8272114701740217,0.8895338828599274
n148i_v1,ssim,3,1.029451940708693,0.9087562550092432
n148i_v1,ssim,4,1.3635020597473442,0.9312153834229565
n148i_v1,ssim,5,2.306977668261941,0.9649751196851666
n148i_v2,ssim,1,0.3817451310373973,0.8376025747327338
n148i_v2,ssim,2,0.5816899514252611,0.8832027918880436
n148i_v2,ssim,3,0.7924061076287418,0.9137187143640884
n148i_v2,ssim,4,1.1504930897007029,0.9436749011480746
n148i_v2,ssim,5,2.1068748252423326,0.9756794448130314
jpeg_turbo,ssim,1,0.634665755627927,0.8616840007506583
jpeg_turbo,ssim,2,0.8400866679850977,0.8894799121447908
jpeg_turbo,ssim,3,1.0441395365500101,0.9086217992742956
jpeg_turbo,ssim,4,1.3817590761969936,0.931013559426099
jpeg_turbo,ssim,5,2.334981304538278,0.9646895848375787
webp_m4,ssim,1,0.5880014023495602,0.883710975173638
webp_m4,ssim,2,0.7582393185902044,0.9085762986954444
webp_m4,ssim,3,0.910790315414186,0.9244725111510063
webp_m4,ssim,4,1.0879401685797592,0.9383730868233532
webp_m4,ssim,5,2.025172397457578,0.9721783984932202
webp_m6,ssim,1,0.5505492282535956,0.8781421791744483
webp_m6,ssim,2,0.7155070276007124,0.9044165808793274
webp_m6,ssim,3,0.8630239906380369,0.9208757614731218
webp_m6,ssim,4,1.0370250065074598,0.9355721967940905
webp_m6,ssim,5,1.9753793311327443,0.9714974223598538
webp_m6_historical,ssim,1,0.5505492282535956,0.8781421791744483
webp_m6_historical,ssim,2,0.7155070276007124,0.9044165808793274
webp_m6_historical,ssim,3,0.8630239906380369,0.9208757614731218
webp_m6_historical,ssim,4,1.0370250065074598,0.9355721967940905
webp_m6_historical,ssim,5,1.9753793311327443,0.9714974223598538
jxl_e3,ssim,1,0.402407603103605,0.8288989037913939
jxl_e3,ssim,2,0.6011592850907571,0.875001686086766
jxl_e3,ssim,3,0.9116544425918804,0.9123445777141064
jxl_e3,ssim,4,1.3894281711335128,0.945199615840361
jxl_e3,ssim,5,2.2708736838327077,0.9712422514418851
jxl_e7,ssim,1,0.34183104537609743,0.8192659504764014
jxl_e7,ssim,2,0.50675426883114,0.8658013695386347
jxl_e7,ssim,3,0.7922914399241681,0.9095076094935387
jxl_e7,ssim,4,1.3966067206012316,0.9535282034453294
jxl_e7,ssim,5,2.322150677213079,0.9761162218119789
n148i_v1,ms_ssim,1,0.6234769429279318,0.9721056714528333
n148i_v1,ms_ssim,2,0.8272114701740217,0.9802203574855133
n148i_v1,ms_ssim,3,1.029451940708693,0.9848373772335217
n148i_v1,ms_ssim,4,1.3635020597473442,0.9896754230327819
n148i_v1,ms_ssim,5,2.306977668261941,0.9952898272817238
n148i_v2,ms_ssim,1,0.3817451310373973,0.9595620232894492
n148i_v2,ms_ssim,2,0.5816899514252611,0.9742543126394838
n148i_v2,ms_ssim,3,0.7924061076287418,0.9824319345875865
n148i_v2,ms_ssim,4,1.1504930897007029,0.9896294736115445
n148i_v2,ms_ssim,5,2.1068748252423326,0.9961826717442056
jpeg_turbo,ms_ssim,1,0.634665755627927,0.9721338857020754
jpeg_turbo,ms_ssim,2,0.8400866679850977,0.9802388189701277
jpeg_turbo,ms_ssim,3,1.0441395365500101,0.9848436844901831
jpeg_turbo,ms_ssim,4,1.3817590761969936,0.9896756131024397
jpeg_turbo,ms_ssim,5,2.334981304538278,0.9952929003873864
webp_m4,ms_ssim,1,0.5880014023495602,0.9727248720160608
webp_m4,ms_ssim,2,0.7582393185902044,0.9799391469717478
webp_m4,ms_ssim,3,0.910790315414186,0.9842638678179256
webp_m4,ms_ssim,4,1.0879401685797592,0.9878583491138261
webp_m4,ms_ssim,5,2.025172397457578,0.9953571135329677
webp_m6,ms_ssim,1,0.5505492282535956,0.9721003300857032
webp_m6,ms_ssim,2,0.7155070276007124,0.9795261390100506
webp_m6,ms_ssim,3,0.8630239906380369,0.9839251558089941
webp_m6,ms_ssim,4,1.0370250065074598,0.9875934377796795
webp_m6,ms_ssim,5,1.9753793311327443,0.9952979302691093
webp_m6_historical,ms_ssim,1,0.5505492282535956,0.9721003300857032
webp_m6_historical,ms_ssim,2,0.7155070276007124,0.9795261390100506
webp_m6_historical,ms_ssim,3,0.8630239906380369,0.9839251558089941
webp_m6_historical,ms_ssim,4,1.0370250065074598,0.9875934377796795
webp_m6_historical,ms_ssim,5,1.9753793311327443,0.9952979302691093
jxl_e3,ms_ssim,1,0.402407603103605,0.9603048334310641
jxl_e3,ms_ssim,2,0.6011592850907571,0.974678734963018
jxl_e3,ms_ssim,3,0.9116544425918804,0.984821089637489
jxl_e3,ms_ssim,4,1.3894281711335128,0.9916914189846414
jxl_e3,ms_ssim,5,2.2708736838327077,0.9964491509906377
jxl_e7,ms_ssim,1,0.34183104537609743,0.9572637310098076
jxl_e7,ms_ssim,2,0.50675426883114,0.9723823389201881
jxl_e7,ms_ssim,3,0.7922914399241681,0.9834593133094569
jxl_e7,ms_ssim,4,1.3966067206012316,0.9921323085412255
jxl_e7,ms_ssim,5,2.322150677213079,0.9965353937095923
n148i_v1,ssimulacra2,1,0.6234769429279318,47.60617238842728
n148i_v1,ssimulacra2,2,0.8272114701740217,59.4296206815466
n148i_v1,ssimulacra2,3,1.029451940708693,66.31678066586478
n148i_v1,ssimulacra2,4,1.3635020597473442,74.19766609836525
n148i_v1,ssimulacra2,5,2.306977668261941,84.59708426608451
n148i_v2,ssimulacra2,1,0.3817451310373973,35.09928595346776
n148i_v2,ssimulacra2,2,0.5816899514252611,51.706453029539034
n148i_v2,ssimulacra2,3,0.7924061076287418,62.50362544220003
n148i_v2,ssimulacra2,4,1.1504930897007029,73.69263302514281
n148i_v2,ssimulacra2,5,2.1068748252423326,85.94330982744304
jpeg_turbo,ssimulacra2,1,0.634665755627927,47.6615920482583
jpeg_turbo,ssimulacra2,2,0.8400866679850977,59.51010831285708
jpeg_turbo,ssimulacra2,3,1.0441395365500101,66.31168861406871
jpeg_turbo,ssimulacra2,4,1.3817590761969936,74.16958525097273
jpeg_turbo,ssimulacra2,5,2.334981304538278,84.6067128960146
webp_m4,ssimulacra2,1,0.5880014023495602,48.878766628755265
webp_m4,ssimulacra2,2,0.7582393185902044,58.456444996755415
webp_m4,ssimulacra2,3,0.910790315414186,64.82630896603699
webp_m4,ssimulacra2,4,1.0879401685797592,70.36267599243041
webp_m4,ssimulacra2,5,2.025172397457578,83.65947966606878
webp_m6,ssimulacra2,1,0.5505492282535956,48.61974699061475
webp_m6,ssimulacra2,2,0.7155070276007124,58.321932452829564
webp_m6,ssimulacra2,3,0.8630239906380369,64.59777086955862
webp_m6,ssimulacra2,4,1.0370250065074598,70.16568428509868
webp_m6,ssimulacra2,5,1.9753793311327443,83.64971945434108
webp_m6_historical,ssimulacra2,1,0.5505492282535956,48.61974699061475
webp_m6_historical,ssimulacra2,2,0.7155070276007124,58.321932452829564
webp_m6_historical,ssimulacra2,3,0.8630239906380369,64.59777086955862
webp_m6_historical,ssimulacra2,4,1.0370250065074598,70.16568428509868
webp_m6_historical,ssimulacra2,5,1.9753793311327443,83.64971945434108
jxl_e3,ssimulacra2,1,0.402407603103605,41.7049611674187
jxl_e3,ssimulacra2,2,0.6011592850907571,57.171378701588665
jxl_e3,ssimulacra2,3,0.9116544425918804,69.90483529224338
jxl_e3,ssimulacra2,4,1.3894281711335128,80.75164950869006
jxl_e3,ssimulacra2,5,2.2708736838327077,88.95267480955673
jxl_e7,ssimulacra2,1,0.34183104537609743,39.200250272392736
jxl_e7,ssimulacra2,2,0.50675426883114,54.985061392789284
jxl_e7,ssimulacra2,3,0.7922914399241681,68.43642790733227
jxl_e7,ssimulacra2,4,1.3966067206012316,81.22910525806608
jxl_e7,ssimulacra2,5,2.322150677213079,89.04490447483157
n148i_v1,butteraugli,1,0.6234769429279318,-5.499736153991414
n148i_v1,butteraugli,2,0.8272114701740217,-4.705518962487152
n148i_v1,butteraugli,3,1.029451940708693,-4.104852777899325
n148i_v1,butteraugli,4,1.3635020597473442,-3.3440321464824425
n148i_v1,butteraugli,5,2.306977668261941,-2.0512834761688445
n148i_v2,butteraugli,1,0.3817451310373973,-6.956824635036369
n148i_v2,butteraugli,2,0.5816899514252611,-5.032947578696152
n148i_v2,butteraugli,3,0.7924061076287418,-3.9173672845173564
n148i_v2,butteraugli,4,1.1504930897007029,-2.79534659021253
n148i_v2,butteraugli,5,2.1068748252423326,-1.6170399870792225
jpeg_turbo,butteraugli,1,0.634665755627927,-5.487119718929357
jpeg_turbo,butteraugli,2,0.8400866679850977,-4.7188751481789915
jpeg_turbo,butteraugli,3,1.0441395365500101,-4.103340601197364
jpeg_turbo,butteraugli,4,1.3817590761969936,-3.3383141513198824
jpeg_turbo,butteraugli,5,2.334981304538278,-2.0541663134281003
webp_m4,butteraugli,1,0.5880014023495602,-5.430984637297727
webp_m4,butteraugli,2,0.7582393185902044,-4.263206791515267
webp_m4,butteraugli,3,0.910790315414186,-3.6390594171506394
webp_m4,butteraugli,4,1.0879401685797592,-3.09908718595066
webp_m4,butteraugli,5,2.025172397457578,-1.8831282658783932
webp_m6,butteraugli,1,0.5505492282535956,-5.4832263769314595
webp_m6,butteraugli,2,0.7155070276007124,-4.345204009077918
webp_m6,butteraugli,3,0.8630239906380369,-3.666640285636963
webp_m6,butteraugli,4,1.0370250065074598,-3.1435022057373327
webp_m6,butteraugli,5,1.9753793311327443,-1.8966317054113775
webp_m6_historical,butteraugli,1,0.5505492282535956,-5.4832263769314595
webp_m6_historical,butteraugli,2,0.7155070276007124,-4.345204009077918
webp_m6_historical,butteraugli,3,0.8630239906380369,-3.666640285636963
webp_m6_historical,butteraugli,4,1.0370250065074598,-3.1435022057373327
webp_m6_historical,butteraugli,5,1.9753793311327443,-1.8966317054113775
jxl_e3,butteraugli,1,0.402407603103605,-5.786775562182506
jxl_e3,butteraugli,2,0.6011592850907571,-4.182673583220058
jxl_e3,butteraugli,3,0.9116544425918804,-3.121848547699689
jxl_e3,butteraugli,4,1.3894281711335128,-2.1077370427234943
jxl_e3,butteraugli,5,2.2708736838327077,-1.199899092237849
jxl_e7,butteraugli,1,0.34183104537609743,-6.812205670100285
jxl_e7,butteraugli,2,0.50675426883114,-4.731136657650785
jxl_e7,butteraugli,3,0.7922914399241681,-3.2482628682228896
jxl_e7,butteraugli,4,1.3966067206012316,-1.906702288309529
jxl_e7,butteraugli,5,2.322150677213079,-1.0361795758598862
n148i_v1,psnr_chroma_db,1,0.6234769429279318,37.30372814335841
n148i_v1,psnr_chroma_db,2,0.8272114701740217,38.16526442933967
n148i_v1,psnr_chroma_db,3,1.029451940708693,38.77246487868852
n148i_v1,psnr_chroma_db,4,1.3635020597473442,39.690290938947484
n148i_v1,psnr_chroma_db,5,2.306977668261941,41.77071625239742
n148i_v2,psnr_chroma_db,1,0.3817451310373973,37.783744197250265
n148i_v2,psnr_chroma_db,2,0.5816899514252611,38.82715200622769
n148i_v2,psnr_chroma_db,3,0.7924061076287418,39.656253183299754
n148i_v2,psnr_chroma_db,4,1.1504930897007029,41.05618905753191
n148i_v2,psnr_chroma_db,5,2.1068748252423326,43.372275901844034
jpeg_turbo,psnr_chroma_db,1,0.634665755627927,37.314375490225814
jpeg_turbo,psnr_chroma_db,2,0.8400866679850977,38.16544231026565
jpeg_turbo,psnr_chroma_db,3,1.0441395365500101,38.768812687129554
jpeg_turbo,psnr_chroma_db,4,1.3817590761969936,39.68150609012631
jpeg_turbo,psnr_chroma_db,5,2.334981304538278,41.75579016605607
webp_m4,psnr_chroma_db,1,0.5880014023495602,38.18362433549657
webp_m4,psnr_chroma_db,2,0.7582393185902044,39.0807429399664
webp_m4,psnr_chroma_db,3,0.910790315414186,39.737091597317715
webp_m4,psnr_chroma_db,4,1.0879401685797592,40.396074877071875
webp_m4,psnr_chroma_db,5,2.025172397457578,42.50461708907402
webp_m6,psnr_chroma_db,1,0.5505492282535956,38.17355446396026
webp_m6,psnr_chroma_db,2,0.7155070276007124,39.06856069642841
webp_m6,psnr_chroma_db,3,0.8630239906380369,39.73083495256779
webp_m6,psnr_chroma_db,4,1.0370250065074598,40.39531779725116
webp_m6,psnr_chroma_db,5,1.9753793311327443,42.50617537829658
webp_m6_historical,psnr_chroma_db,1,0.5505492282535956,38.17355446396026
webp_m6_historical,psnr_chroma_db,2,0.7155070276007124,39.06856069642841
webp_m6_historical,psnr_chroma_db,3,0.8630239906380369,39.73083495256779
webp_m6_historical,psnr_chroma_db,4,1.0370250065074598,40.39531779725116
webp_m6_historical,psnr_chroma_db,5,1.9753793311327443,42.50617537829658
jxl_e3,psnr_chroma_db,1,0.402407603103605,36.99056597621902
jxl_e3,psnr_chroma_db,2,0.6011592850907571,37.93593041321188
jxl_e3,psnr_chroma_db,3,0.9116544425918804,39.04575581807511
jxl_e3,psnr_chroma_db,4,1.3894281711335128,40.55150754066666
jxl_e3,psnr_chroma_db,5,2.2708736838327077,43.09013749336921
jxl_e7,psnr_chroma_db,1,0.34183104537609743,37.32047533101716
jxl_e7,psnr_chroma_db,2,0.50675426883114,38.03533206448651
jxl_e7,psnr_chroma_db,3,0.7922914399241681,39.08386732208165
jxl_e7,psnr_chroma_db,4,1.3966067206012316,40.71608061999044
jxl_e7,psnr_chroma_db,5,2.322150677213079,43.04074471074641
